Region,Soil_Type,Soil_pH,Organic_Matter_%,Rainfall_mm_per_year,Temperature_C_avg,Climate_Zone,Irrigation_Level,Soil_Fertility,Growing_Season_days,Yield_tons_per_hectare,Best_Crop
South America,Sandy,5.6999498316360055,2.8369955678634686,560.4387146892088,30.70829216108306,Dry,High,Low,113,15.042968277837737,Soybean
South America,Clay,5.514132610439435,1.092249700165663,832.8329639681472,27.311890601730084,Temperate,Medium,Low,148,14.500889244299591,Soybean
Asia,Loam,7.466461771613576,2.8670515729919197,504.7340613690797,27.434904790236004,Temperate,Medium,High,140,14.78522157674473,Corn
Asia,Sandy,5.961787651244298,1.9641018641040469,1182.5542542718413,19.29890751321496,Continental,Medium,Medium,149,14.55712831657366,Soybean
South America,Sandy,6.825044568707964,2.246844304357644,754.1099092336087,21.946744566280618,Continental,High,High,95,14.813548258177493,Corn
Africa,Loam,6.954543991712842,2.3061630752233415,521.3166118254592,23.49199470665861,Temperate,Medium,Medium,167,12.713297513690344,Wheat
South America,Sandy,6.213506653387179,2.123738038749523,954.7400833667364,17.309291691685203,Temperate,Low,Low,130,11.24376839365922,Barley
Europe,Loam,6.958014336081975,4.0850813867437825,697.3349189205668,22.910613973565198,Tropical,Low,High,94,15.571798125864099,Corn
Asia,Loam,5.690820232980823,2.4832730087930655,766.358982380183,25.82384322752262,Temperate,Low,High,151,15.655424459542504,Corn
North America,Loam,6.012136645522648,1.1617343581537254,620.3584121088643,15.331185795439751,Tropical,High,Low,168,10.022639379526197,Barley
Asia,Clay,6.128711962152654,3.034282764658811,817.4094136476342,18.504963247670663,Continental,Low,High,112,14.002314803261678,Corn
Africa,Sandy,6.7487080962675865,2.182534743350856,1257.4451965914584,23.524906556663602,Continental,High,High,95,17.771187433432626,Rice
South America,Clay,7.313656883091508,2.0885289975385413,734.4749633443995,15.692009728758356,Temperate,High,Medium,116,12.487667743450116,Barley
Europe,Loam,5.739730734667366,2.350460685614512,741.609465834876,12.92314628974793,Dry,Medium,High,168,11.25503710320769,Barley
North America,Clay,5.993752125677203,3.7852170913591534,796.9033319976443,19.863117772074208,Continental,Low,Low,92,12.435359747479978,Soybean
Europe,Loam,6.190142496053366,3.537405378805455,601.482764119362,17.791169883869934,Tropical,Medium,Medium,91,12.432606546211566,Barley
Africa,Clay,5.9752750879848,3.9128653944474383,1028.5645629030041,23.759665163433873,Continental,Medium,High,113,17.579094594297825,Rice
North America,Loam,5.581550283109528,3.3635717727529673,795.623825132247,15.047318374346558,Continental,Low,Low,148,10.90002319136619,Barley
South America,Loam,5.848732858009983,3.763750952409864,929.8173465258212,13.885632316623466,Temperate,High,High,128,13.934150543375917,Barley
Asia,Loam,7.492507399515849,4.8616774051551745,735.5876967588649,11.447352107374845,Dry,Medium,Low,158,11.560975286078909,Barley
Africa,Loam,7.294220519905155,4.548345697060469,1059.8793628528974,15.664269219752233,Dry,Low,Low,122,13.297341777049288,Barley
South America,Clay,7.447327673510634,2.1356838989498628,846.4507394322007,22.834470353935437,Continental,Medium,High,171,14.708891705420573,Corn
Asia,Clay,6.23293756916572,3.976682092226249,533.985186897043,19.87356187214436,Dry,Low,Low,156,12.224370249906768,Soybean
South America,Loam,7.457785716550018,2.9469686118378204,1179.3585965307896,22.69804600791833,Dry,Medium,High,97,16.31463385581374,Rice
North America,Loam,7.228335130143806,1.920741072966221,1072.8866894640637,25.860144519022,Temperate,Low,Medium,137,14.92362341236934,Rice
South America,Clay,7.406143694047906,2.323001218682055,896.4944830486371,21.63611693182933,Tropical,Medium,Low,135,13.584996120573894,Soybean
Africa,Loam,6.036949713780314,2.9411194971052628,610.0961909642283,17.01551334218624,Dry,Low,High,107,12.3630851753432,Barley
Asia,Loam,7.254746143855911,3.9630744710168178,818.4957743102194,20.29104359223,Continental,Medium,Medium,122,14.07876637711824,Wheat
Europe,Loam,6.012413887188917,3.446054843462722,666.6113250086975,11.540908718748485,Temperate,High,Low,149,10.809696958591234,Barley
Africa,Sandy,6.251165905279888,1.375927759363476,1570.5462981309443,18.42365377679827,Continental,Medium,Medium,176,16.16005444143162,Soybean
North America,Sandy,5.561000499878099,1.1493927549968577,937.2520380749027,11.936420644051742,Temperate,High,Medium,159,11.163910380147355,Barley
Africa,Sandy,5.888760067989746,2.6454156202267143,423.9374823094887,26.051993165683193,Continental,Low,Low,144,11.975999874687657,Soybean
South America,Sandy,6.367041475161484,3.9761705719964615,778.5611049677748,17.56891357123438,Temperate,Medium,Medium,179,13.896909693296587,Barley
Africa,Sandy,5.6877465801625835,1.7314639884292293,973.1510388340243,12.25585660087954,Temperate,Medium,Low,90,10.256118833125319,Barley
Africa,Loam,5.9954619790023145,2.4238907146050463,534.6336467728206,29.21857898875923,Continental,High,Low,175,14.599764216249023,Wheat
South America,Clay,6.799547365285527,1.192235696788135,954.9268106858674,17.59375933088247,Temperate,Low,High,158,11.459653408107055,Barley
South America,Clay,7.212979682376645,3.63477452647578,811.7017804613688,31.739984642251613,Continental,High,Medium,93,18.572208100041763,Soybean
Asia,Sandy,7.1224083534720055,4.282557902975821,829.6363462758299,14.827988217571576,Continental,High,Medium,101,13.924765990031943,Barley
North America,Sandy,5.642377296920458,2.275902521175045,856.1983735470066,16.88650240089703,Tropical,Medium,High,115,12.605188736027749,Barley
North America,Sandy,5.578372653351293,2.671784126862315,1056.3840760628404,22.647177558269014,Dry,Medium,Low,125,14.621555080420748,Rice
Asia,Sandy,6.0000328984322095,3.3221760493756394,676.9509568461019,21.913997335753933,Tropical,High,Low,112,14.393124712376865,Soybean
Europe,Loam,6.279236172438407,2.1905406980372435,712.0964249051445,18.370134295092555,Tropical,Medium,Low,108,12.950947534527089,Wheat
Europe,Sandy,7.401214293875112,3.2937515524931444,864.8332704976884,19.349284728161578,Tropical,High,Low,105,12.867930462863823,Soybean
Europe,Loam,7.361858211374585,4.896992834137641,710.6452976420185,18.287055658846768,Tropical,Low,High,103,14.581594723985214,Corn
Asia,Sandy,5.785983364105672,4.046042526869889,634.9005606414977,18.393070791735035,Dry,High,Low,106,12.71260635877263,Soybean
Asia,Loam,6.662610834453565,4.452554087956015,840.7645455054934,12.091730371927273,Temperate,Medium,Low,175,11.93288961659249,Barley
South America,Sandy,6.9163623911664,2.9266679518564613,451.34295055764824,25.347389760204347,Dry,High,Low,143,12.692595308714678,Soybean
North America,Loam,5.612606551363674,1.4752716650722877,966.3916373149023,19.90743432003805,Temperate,High,Low,150,12.840076495183688,Wheat
Europe,Loam,6.455429781760455,1.331565286773417,692.0509281350812,12.900191835041548,Tropical,High,Low,122,9.507610661511812,Barley
Africa,Loam,6.08898789367886,4.983325500117482,802.5184801563589,17.640612379410655,Dry,Low,Medium,143,13.813345941797982,Barley
North America,Loam,6.054762365962265,1.7524846388950452,1237.9605866435345,15.958508573224243,Tropical,High,Medium,179,13.503117938845984,Barley
South America,Sandy,6.04191528503026,1.5327405008949988,688.3159261134479,28.638738137171295,Tropical,High,Medium,124,14.313092790226777,Soybean
Africa,Clay,7.3654569667080265,4.464255558001634,535.9533585958716,29.15729382927177,Temperate,High,Low,94,15.961553830266244,Soybean
Europe,Clay,6.285978897957718,4.316656882826058,743.5557622025578,26.861888982736232,Continental,High,Low,138,15.890777965597815,Soybean
Africa,Sandy,6.568692550058926,3.9996429978798873,843.7366184552282,17.578121540153482,Temperate,Low,High,92,14.949950614093042,Barley
Africa,Clay,6.002884879023597,2.098927188103635,862.4916962195895,16.30190615285324,Temperate,High,Low,93,11.557548438269972,Barley
Europe,Sandy,6.540615401807587,4.089273566942557,866.4628023959183,16.25756731721723,Continental,Medium,High,139,14.565989512152461,Barley
Africa,Clay,6.34107155733015,4.138673055777238,1030.649037285691,17.183706942698183,Temperate,High,Low,103,15.888924609465148,Barley
Asia,Loam,6.71617569908377,3.5465772864891303,840.6227095893013,20.247863646497024,Dry,High,Medium,168,15.357766251209995,Wheat
South America,Sandy,7.22472741749349,4.7980824946305685,772.5844357916294,28.143077727856458,Temperate,Low,High,93,16.954260763912096,Corn
Asia,Sandy,6.157503220575016,3.533603417266903,798.7601720652254,22.015596635427887,Temperate,Low,Low,164,13.608661707816442,Soybean
South America,Sandy,5.8845780376173416,1.1634744650659155,612.024042734529,15.071369768322281,Dry,High,High,94,11.264333973980984,Barley
Asia,Clay,6.211982968543972,4.576869051583703,1136.5852928745874,31.908183972539753,Tropical,Medium,Low,138,20.39923946386002,Rice
Europe,Clay,5.8139553654323874,2.5091438609682903,807.0527103943457,20.612527491697595,Tropical,High,Low,170,14.213067334056916,Soybean
Asia,Sandy,6.240944205582764,2.9380919407640853,693.8997704778945,17.1209087967766,Continental,Low,High,179,12.552290234350046,Barley
Asia,Sandy,7.290413675374399,3.0467097684626645,1119.422544504162,24.257010461894144,Temperate,Medium,High,107,16.81761575296091,Rice
Asia,Clay,5.864567756951916,3.2558603680753455,858.7332047218931,17.55615088272234,Dry,High,High,106,14.341913140765179,Barley
South America,Sandy,6.496884397858114,1.3476811523496948,583.6903992771211,25.276654982732072,Tropical,Low,Low,175,11.906410543752646,Soybean
Asia,Loam,7.299294794290025,3.4302208891742914,495.38475222392935,14.320672512463766,Continental,Low,High,148,10.31801843928864,Barley
Africa,Clay,5.846747190589509,4.587061698505701,912.5938473381142,17.038030378805654,Temperate,High,Medium,92,14.71203232429692,Barley
North America,Loam,7.334791226171063,1.0212000255904217,834.7932658339139,24.539359736212138,Continental,Low,High,140,14.135904335765058,Corn
North America,Clay,6.350872877232834,3.03044151473782,966.3636352210526,17.177214983652124,Dry,Low,Low,101,11.90831252117679,Barley
Europe,Clay,6.141284384319029,3.3755323902315952,952.8504397218046,20.0539908240485,Temperate,Medium,Low,95,13.550668675366873,Soybean
Asia,Clay,6.7122037621116775,4.177157799865849,723.088891154035,19.641629817212813,Tropical,Medium,Low,138,12.83775038108217,Soybean
Africa,Clay,7.352898847179422,3.8863862030051086,698.3188090212495,13.790797416472333,Continental,Medium,Medium,149,11.978016772769235,Barley
Europe,Sandy,6.8303944413924,3.0922616990764773,822.7458920425961,21.972260711891483,Temperate,Medium,High,93,14.968724792631475,Corn
Europe,Sandy,6.253888858849815,2.8507191426784257,749.9754797850977,26.505262165811498,Temperate,Low,Medium,127,13.618855506061792,Soybean
Europe,Sandy,7.312944221929094,3.4969519836559684,1102.1606436229054,24.147027905917447,Tropical,Low,High,140,15.946905522310594,Rice
North America,Loam,6.982921822278091,3.2926033970295547,797.4511699023263,25.271976079245572,Dry,Medium,High,118,15.973250941138822,Corn
Africa,Loam,6.487962974261725,4.018541167440466,630.0311261070417,23.29352562854877,Dry,Low,Medium,127,13.698467444509651,Wheat
Africa,Loam,5.958502790465283,3.889010273572265,711.1413479847777,21.88650246522426,Dry,Low,High,91,14.746498050758417,Corn
South America,Clay,6.347193724840966,2.1517184659029045,772.9799384170125,14.111072292538234,Dry,High,Low,101,10.479465358971902,Barley
Asia,Sandy,7.2442478178883025,4.72847312993445,759.4307560659695,20.234577174751294,Continental,Medium,Medium,157,15.55279076035317,Soybean
Asia,Sandy,5.872641758988241,4.349963156009968,934.4850037790186,16.862905578112613,Temperate,High,Low,90,13.963572595671229,Barley
North America,Loam,7.075579777428985,3.414886126920556,640.6994082684826,23.303876158610702,Tropical,High,Low,124,14.352692034977203,Wheat
North America,Clay,6.674136448273135,1.1313866809737534,335.8525252043739,24.202636251257783,Temperate,High,Medium,140,11.625916986168336,Soybean
Europe,Loam,6.661176700556087,3.5290571516781215,753.8130939582644,23.48103182406709,Continental,Medium,Low,117,14.175825199606985,Wheat
Europe,Sandy,5.634152954776855,3.999841881596711,503.0596856965856,32.8667990162493,Tropical,Medium,Medium,145,16.90482085564233,Soybean
North America,Clay,7.173129626584666,3.3498144169362973,513.258285507623,27.32694877759547,Continental,Medium,Low,90,13.816738985655364,Soybean
Asia,Clay,5.7059629586626315,2.3374512452419287,1100.7985977165376,27.95858661594078,Continental,Low,Medium,144,16.552568182777538,Rice
North America,Clay,7.457862871231923,4.359155437826282,1082.9927382993326,20.625230155832234,Temperate,High,Medium,96,16.845246500710523,Soybean
North America,Loam,6.638887035527,4.549841930054011,805.9967269054316,11.457483602157462,Dry,High,Low,97,12.612274760688393,Barley
Asia,Loam,6.836170273141292,1.8199371816632839,727.806766836184,25.79664901682124,Continental,Medium,Medium,144,13.299088698523722,Wheat
Asia,Sandy,6.680589885029615,2.072254563291505,1152.9373868525438,16.478281547286205,Dry,Low,High,94,13.161744400900005,Barley
Africa,Clay,7.396906613924314,4.054423176639043,449.30611674986744,17.275388825205457,Continental,Medium,Low,113,11.255893347003653,Barley
North America,Clay,6.015775370866405,1.5574242962912965,604.8040383416667,30.776197692165365,Dry,Low,Medium,93,14.638947578597865,Soybean
Asia,Clay,6.608356005031586,3.605681553407457,474.0814028047346,22.759318276547504,Tropical,Low,Medium,165,13.01076260687083,Soybean
South America,Sandy,6.308763003098049,4.0836455082570815,996.5381967891028,25.9308909116206,Tropical,Low,High,135,17.657443729084346,Rice
Asia,Clay,5.636499410708183,4.3483159628121175,829.4415658739206,18.8872926391443,Dry,Low,High,100,15.462704351212654,Corn
North America,Clay,6.579685557816386,1.6480555115663384,623.2444422271462,11.22606579712383,Temperate,High,High,170,10.240539370155672,Barley
North America,Sandy,5.6502755634716175,3.9127550248144134,729.5654032800819,21.212602128062596,Dry,Medium,Low,178,14.025803309518004,Soybean
Europe,Loam,6.044290274459925,3.3609226674763484,1120.247645428408,23.162038695277605,Dry,High,Medium,108,17.524865194519766,Rice
Africa,Loam,6.542601334827139,1.3468208474487344,932.7474427776042,25.050707302143092,Dry,Low,Low,169,13.446505007992918,Rice
Africa,Sandy,7.30672762527205,3.5866596764686536,922.1171490567647,20.198708479552135,Dry,Low,Medium,148,14.345200269812498,Soybean
Asia,Sandy,7.49870699913167,3.2232263257487186,820.695553062637,17.32796656988316,Tropical,Medium,High,175,13.339920526672977,Barley
Asia,Loam,6.789093301251644,3.6006694017729126,1010.6305706665808,26.78316691091727,Dry,Low,Medium,113,15.412393202102429,Rice
North America,Sandy,6.308970899363701,3.2897110377338628,294.13251201506796,26.490888539173483,Temperate,High,Low,93,12.724405531236046,Soybean
Asia,Sandy,6.423885701151175,4.961365253367108,1008.7091818573107,18.909480508130287,Continental,Low,Medium,102,15.983411028778576,Soybean
Africa,Clay,6.459751240607818,3.5100218528734803,696.5423099799256,27.0467372009279,Continental,High,High,145,16.56589568966426,Corn
Europe,Loam,6.209244315281553,2.148955966616327,495.75102508227087,17.899065914520712,Dry,Low,Low,157,9.426747368630375,Barley
Asia,Clay,5.748875114593712,4.8256627902377005,750.9860763367327,15.584213774517615,Tropical,Low,Low,126,12.7828859454674,Barley
North America,Clay,6.3031604728509745,4.351302941132982,757.2022311548982,19.514502162983383,Tropical,Medium,Low,143,13.64856360080301,Soybean
Africa,Loam,5.5734638748532275,4.8290810519333025,774.3576947809779,17.49430016360715,Tropical,Medium,Medium,95,14.54097979102706,Barley
Europe,Sandy,7.016476951408182,3.784082472215169,1038.8363925102137,18.133003658117154,Dry,Medium,Low,177,13.574563934252286,Soybean
North America,Loam,6.660172415675622,1.3659473495910195,1271.4752730065416,24.689191507833222,Temperate,Low,Low,145,14.550497351813297,Rice
Europe,Loam,6.601714741218279,1.3479470396456406,722.4596880128032,22.71749551394671,Tropical,Medium,Medium,177,13.347709552917276,Wheat
South America,Loam,7.4242439451841,1.4378754402178155,809.11843289401,16.845039350630262,Temperate,High,Low,117,9.50899990745334,Barley
Africa,Loam,6.9678198379074034,3.0850412487216596,625.9553515712977,25.51856934695299,Temperate,High,Medium,169,15.119663594902105,Wheat
South America,Sandy,7.360180701019477,1.423336375314336,566.220746851656,16.287428245715297,Dry,High,Low,116,9.5314056457725,Barley
North America,Sandy,7.317402618538736,1.004480445920438,896.1124214821494,17.29050437805726,Temperate,Low,High,91,12.290743300532661,Barley
Africa,Sandy,7.462372356054847,3.5272541080666735,963.5505391752099,12.55303470175347,Continental,High,Medium,149,13.009997108022818,Barley
Asia,Sandy,7.007397668101039,4.1552279274829775,665.9136865907481,14.072899976598444,Continental,Medium,High,109,12.67617452179288,Barley
South America,Clay,6.447147776870177,1.2316818422351932,950.3805236065397,24.88449539018533,Continental,High,Low,171,14.386147842270484,Rice
Africa,Loam,6.866590753213011,2.7836108255069933,694.8389225374086,27.827620146171704,Tropical,Medium,High,135,16.016494186407655,Corn
Asia,Sandy,7.089619097499859,3.7747289031259545,554.0261243518371,19.111298392562972,Continental,Low,High,121,13.14520361891444,Corn
North America,Loam,7.387231840335198,2.6789092677044892,687.1842738526543,18.887936107722172,Dry,Low,Medium,148,11.471950301376795,Wheat
South America,Clay,7.288198407358269,1.9198184235643447,790.8827967289004,21.21669724661346,Dry,Low,Low,150,12.03215928597595,Soybean
South America,Clay,6.560708787456512,1.0714475699132775,742.4095556194387,19.206722520657067,Dry,High,Medium,153,11.537901831542413,Soybean
South America,Sandy,5.502463670332852,3.393309060489708,767.6748509075057,13.293626644908567,Continental,Medium,High,173,11.861973898040189,Barley
Europe,Loam,6.1207239178471475,2.820880596327205,736.7804263126945,24.203217744943622,Temperate,Medium,Low,161,13.375259942457127,Wheat
Africa,Clay,7.405297276077434,4.631274611938561,1043.0310017743507,23.710422942618994,Temperate,Medium,Medium,100,16.849813509643692,Rice
Europe,Sandy,6.619297366973829,1.0390833896767346,790.457728771604,27.51699150883575,Temperate,High,Medium,91,15.277333953537969,Soybean
Europe,Sandy,6.635081696523116,3.757859876549063,599.6759980210169,18.594498535570224,Tropical,Low,Medium,104,12.136286043833396,Soybean
Europe,Loam,6.918121038901833,4.483876494984342,711.0033357252281,20.29815184960087,Tropical,High,High,139,15.40809504064109,Corn
South America,Clay,7.134595539924987,2.8092731380732006,822.9066732430928,24.750727354994158,Continental,Medium,High,92,16.629994233881856,Corn
South America,Loam,7.451730511638263,2.3475831670844274,707.9409111612306,18.3982634590284,Continental,Low,Low,97,11.149333100383174,Wheat
Africa,Loam,6.584957271438735,2.9731073871351983,537.755797964977,25.99222476415843,Tropical,High,High,117,15.67169131514578,Corn
Africa,Clay,7.421561102973953,2.663629464587763,595.4414869603189,18.316886363394197,Dry,High,Low,113,11.77905425378692,Soybean
South America,Sandy,6.377230838379181,3.901030641660546,844.8903637119944,25.235491513060772,Continental,Medium,Medium,155,16.874395567422923,Soybean
Asia,Loam,6.431625614040497,4.343992255124838,887.8605515362942,13.613897670384585,Dry,Medium,Medium,115,12.524275951640611,Barley
South America,Clay,5.994462148806354,4.482999605090045,794.8891858017109,25.86364509629682,Dry,Medium,Medium,103,15.502725920812537,Soybean
Asia,Loam,7.215972507845412,1.036121616518201,847.0399657709402,15.630248272542872,Temperate,Low,High,154,10.440062746537754,Barley
South America,Sandy,6.174006352862572,4.315533463530437,815.3643782120511,13.585038879057151,Dry,High,High,90,15.199635469506342,Barley
South America,Sandy,6.567023850599391,4.127161319380118,548.0160067253689,11.816375043503296,Tropical,Medium,Low,133,10.689567332222643,Barley
South America,Loam,5.61417371217863,3.124678112004128,734.6238440640697,17.245259427672863,Dry,Medium,High,109,13.421028168397978,Barley
North America,Clay,5.583145718100784,1.5933728038483554,704.4639708211586,20.393175951580453,Tropical,Low,High,142,11.415870540392559,Corn
Asia,Loam,6.543460093272426,2.3706139524836614,491.10710127870647,22.517145413009388,Dry,Medium,Medium,127,12.961261700652038,Wheat
Asia,Loam,6.387500438609142,4.472569017510022,592.0188145748939,21.38284576297464,Continental,Medium,Low,175,13.127646247102334,Wheat
Asia,Sandy,5.988294580844748,4.323508765366822,779.431167372786,19.866028266821683,Dry,High,Medium,136,14.891310915398995,Soybean
Europe,Clay,6.287728811308317,3.6049319081659683,813.4997071750017,23.19365111014592,Continental,Low,Low,179,13.33803693908632,Soybean
South America,Clay,7.241506900674518,4.129541936233094,787.1723306814015,21.6438120515174,Temperate,Medium,High,166,15.430469533125382,Corn
Asia,Sandy,7.255782318082655,2.2687828670615944,734.659201004435,24.50737314973893,Temperate,Medium,Medium,164,14.071102949995794,Soybean
Europe,Clay,6.719663610997389,3.253755709393835,1021.8520404445848,12.689820142490571,Temperate,High,Low,108,12.023514637757009,Barley
Europe,Sandy,6.785151937894379,4.037377311691464,369.32197727925706,14.057566390367839,Dry,Medium,Medium,98,10.749821362269643,Barley
North America,Sandy,6.453390950082318,2.577461295273401,473.86532651694716,20.854854857841097,Temperate,Medium,Medium,176,12.28512929698843,Soybean
North America,Loam,5.642560540110328,4.81864012013323,970.6831117560615,24.583142330787645,Tropical,Low,High,125,17.503397033940576,Rice
North America,Loam,6.4717435183726515,2.0271062708820318,649.2070822266647,18.59662461566613,Dry,Low,Low,141,10.707917119180072,Wheat
South America,Loam,6.327098203050703,1.4875443733477902,841.368770399305,15.051859317148313,Continental,Medium,Medium,164,11.68282273981336,Barley
South America,Clay,6.6346244392578075,2.026251134805455,679.7264712097573,21.598909670712686,Dry,Low,High,125,12.587995457362405,Corn
Europe,Sandy,7.087487700761033,3.5864236536914404,769.9316154838193,32.730241667022376,Temperate,High,High,177,19.244397767372053,Corn
Asia,Sandy,6.049612071096272,4.290457274054713,949.4330448519163,16.495841605669572,Tropical,Medium,Low,149,14.142702672910628,Barley
North America,Clay,7.238519249302105,2.8915678625327286,913.9587623807539,17.764267688080434,Tropical,High,Medium,110,13.71929985741877,Barley
Europe,Clay,6.77592158663194,2.0275353905828593,659.9302385084093,16.78500888259561,Continental,Low,High,166,11.41304114561139,Barley
Asia,Loam,6.935195531316353,3.7697446052974786,1315.9418675308639,12.8219058589328,Dry,Low,Medium,113,13.285523566982631,Barley
South America,Clay,5.658838737977973,1.3426329983857221,475.3908213068509,22.81672731252512,Dry,Medium,Medium,125,11.305238242026046,Soybean
North America,Clay,7.100713015644724,1.934848327641732,597.0486538614266,16.20479776395676,Tropical,High,Low,110,10.411290646103698,Barley
Asia,Loam,7.488278722442335,3.6473567593975145,1045.5337984946584,13.951794906543974,Temperate,Low,Medium,170,13.124953733398339,Barley
South America,Clay,5.901867377318113,3.143310737892325,822.680012654521,22.693779962231847,Continental,Medium,Low,151,13.475845845716337,Soybean
Europe,Loam,7.484967004316751,4.708003871697182,581.5374470654842,18.41795775152599,Continental,Low,High,154,13.737071201946057,Corn
Asia,Loam,6.917489395485953,1.1446415220990485,1045.4100119940304,22.518680231062127,Continental,Low,Low,112,13.189565326960059,Rice
Asia,Sandy,6.519448493503396,4.301144432931587,555.9365245568449,16.4065903727836,Temperate,Low,Low,151,12.22044686256797,Barley
North America,Clay,6.50230599836402,2.588715109716844,573.709395869514,10.030345818659821,Dry,High,Medium,127,10.357791470511682,Barley
Asia,Sandy,7.080060872614123,2.218716556392163,853.4784628143806,21.608489030980067,Dry,Medium,Medium,162,13.607857178731663,Soybean
South America,Clay,6.127455382388192,3.4254837777335023,691.244113355332,16.38909346036514,Continental,Medium,Low,154,12.92794194272314,Barley
Africa,Loam,5.636344618770988,1.103247627797948,725.6574193414199,15.03843366981953,Dry,Low,Medium,114,9.768396449996692,Barley
South America,Sandy,5.500665012240979,1.0707512384530289,786.2418307130243,23.628834115815163,Dry,Medium,Medium,91,12.946981936159808,Soybean
South America,Loam,5.923510701330956,2.9384063480754588,533.7540414571858,21.391645306101076,Dry,High,High,139,14.011322606177677,Corn
Europe,Loam,6.883236111138639,3.472206697148744,732.5828057763921,16.151155610595616,Dry,Low,High,93,12.50579852063967,Barley
Europe,Sandy,7.273208430480933,2.79913859528529,591.2054320003483,18.955197563339848,Dry,Low,Medium,96,10.709903590489363,Soybean
Africa,Sandy,6.337161243247871,4.161350943440592,1339.942828083902,17.16403790593661,Temperate,Low,Medium,110,15.783297328206448,Barley
Asia,Loam,6.595918977947386,2.8175093382398435,601.1787533915615,19.84530501422188,Temperate,High,Low,141,11.87003486392,Wheat
South America,Clay,6.418893536811973,4.1400661753482275,708.3566961398849,13.140494285343218,Continental,Medium,High,102,11.989204007642602,Barley
Europe,Sandy,7.360637769675647,2.012233731203138,760.4390628206987,18.101213300098788,Continental,Low,Low,110,10.833171778643587,Soybean
North America,Clay,7.2649188809122,1.4227739196250964,1062.356780041515,19.3810520609454,Continental,Low,High,133,14.252392833233626,Corn
Europe,Loam,7.104261116255175,1.4214701358112238,958.6112761314859,26.1387612990965,Tropical,Low,Low,106,13.09829773427051,Rice
North America,Loam,5.696791299426795,3.6412108788053525,605.6771922978696,17.742951711996806,Dry,High,High,97,13.546213434307733,Barley
Asia,Clay,7.451981699197585,3.6694015921857135,663.2812399670154,23.547667886536875,Dry,Low,High,156,14.956817620679436,Corn
Europe,Sandy,7.459940658717701,3.4075263585452884,614.8758300451267,16.782408848099287,Tropical,Medium,High,142,13.299042955532268,Barley
South America,Clay,5.690023397984609,2.5039715597652457,845.9908895684425,15.458489345170971,Dry,Medium,High,167,13.89878206417586,Barley
South America,Clay,6.07181357847832,4.2637877558744695,579.3583268556633,21.537033489045506,Continental,Low,High,128,14.676800491961192,Corn
Europe,Sandy,7.183997105780123,3.913962708646453,750.2617747632905,28.036727880099964,Dry,Medium,Low,96,16.3558967270602,Soybean
Europe,Clay,6.951959819970591,4.27114131942778,640.1211847677129,19.528141249823094,Continental,Low,Low,168,12.43301472946882,Soybean
North America,Loam,6.51672109383256,2.1901938052752823,1260.082017089394,25.37716531552519,Continental,Low,Medium,108,16.966690858220634,Rice
Africa,Loam,7.100141937398319,1.8161425385155954,841.0053374123758,18.954883713569874,Continental,Medium,Medium,99,12.219145604840667,Wheat
Africa,Clay,6.577391334686078,3.096636682904649,602.5836459423955,27.433735678998872,Dry,High,High,179,16.37659411986393,Corn
Europe,Clay,6.440638108203571,3.0082008539537886,863.8666379386772,23.17120571529611,Tropical,Low,High,147,15.414898382105196,Corn
South America,Loam,6.3252436816972475,3.7824725859872275,460.2301600392709,27.285978799781233,Tropical,Medium,Medium,110,14.604825507555438,Wheat
Europe,Loam,5.950877510927388,3.811773763914707,563.8435874699321,17.311551512860685,Dry,Low,Medium,113,12.013824777801654,Barley
Asia,Clay,6.890831296656106,3.983700835254698,601.5314320250299,21.929421915421628,Temperate,High,High,147,15.747357304374002,Corn
North America,Sandy,6.242844003746091,1.2501689075894737,936.4068900087852,15.611787901202124,Continental,Medium,High,136,12.756952693826452,Barley
North America,Sandy,6.492332768226439,1.7130098676185663,891.1379337334503,14.591485802097992,Continental,Medium,Low,104,11.277247968487305,Barley
North America,Loam,6.169022577483864,1.1047868341282592,739.1552237656372,17.55575289106863,Tropical,Medium,Low,159,9.786522736806877,Barley
Europe,Loam,6.423465627224765,2.9236240030122786,683.3175288263741,13.495491217429372,Tropical,High,Low,110,10.21917579391536,Barley
Asia,Clay,5.514058407627238,1.2291210043104934,225.54755734367018,20.49952771951205,Dry,High,Medium,135,10.133873710876935,Soybean
South America,Sandy,5.993957598144,4.625018322084147,604.7249457433256,15.537720803215482,Dry,Low,Low,99,11.841747940465213,Barley
Asia,Sandy,5.625306406910709,4.625749813377643,639.364209863931,17.369609838940207,Tropical,Medium,Low,146,12.601294082575038,Barley
Africa,Clay,6.96489746367618,3.193282334905697,769.8328758786888,18.8150041446992,Tropical,High,High,177,14.899494775303292,Corn
Asia,Clay,5.789930144759634,3.900622910204459,819.3499789918233,22.04172582197389,Continental,Medium,Low,126,14.327416267494765,Soybean
Europe,Loam,5.728191569775866,1.6049873149397382,476.9736368188981,25.823696772285857,Dry,Low,Low,157,11.004408037057997,Wheat
Europe,Sandy,5.635336723800004,3.8313403889190747,767.164117675899,22.144082501652864,Continental,Low,Low,106,13.890670453642187,Soybean
Asia,Clay,7.391396294000565,4.399901485922648,546.7318988748591,19.71008026283883,Temperate,Medium,Medium,155,14.282931010812629,Soybean
South America,Loam,7.072556398768066,1.8054551285438976,747.817546776574,16.763796810059766,Continental,Medium,High,96,12.183149974784556,Barley
Africa,Clay,6.01098668931121,4.786551816798429,605.1927553764247,22.29748653035346,Dry,Medium,Medium,129,15.286006078000485,Soybean
Europe,Clay,6.294762780970633,1.3736318879011824,784.4325605974396,15.983181019698645,Continental,High,Medium,158,10.551034181426266,Barley
North America,Loam,7.095828319231789,2.5838818906498195,1174.6595552435092,25.400240328573243,Continental,Medium,Low,137,16.0848097557509,Rice
South America,Clay,7.294372681929238,1.6754168267107445,991.3713758551148,12.171640634858914,Continental,Medium,High,122,12.59756002373168,Barley
South America,Sandy,7.435511754206778,4.427495744300376,1000.6996907105729,16.860417387009587,Dry,Low,High,98,15.115729993432419,Barley
Europe,Loam,5.83190979059157,4.527711033218576,1082.4441110830858,25.743667414647195,Tropical,High,Low,148,18.473660621993197,Rice
North America,Sandy,7.446914779952346,2.347362007444413,695.2006853089288,13.713943625712313,Tropical,High,Low,98,10.552306608348676,Barley
North America,Sandy,6.008643962356634,4.2770204194858445,1063.519507121592,13.360317431157739,Dry,Medium,High,165,15.288898399072085,Barley
South America,Clay,5.783943979521988,2.3917656463286665,752.2135801660611,18.165877940926563,Temperate,Low,Medium,136,12.147923451266514,Soybean
Europe,Sandy,5.752529483129005,3.704710248301736,557.2145238694872,20.18975218145223,Continental,High,Medium,155,13.67453876850381,Soybean
North America,Loam,5.931059737582664,2.4415112797213903,973.569388606259,18.109569495083328,Dry,Medium,Low,110,13.010880740162863,Wheat
South America,Sandy,5.500376799113164,1.67632428142397,835.9163563879196,24.296286124999202,Dry,Low,High,135,14.482615917494906,Corn
South America,Sandy,6.458140126206702,1.07200035578086,1061.5157621519966,18.113608970581556,Continental,Medium,High,129,13.765251951843643,Corn
Europe,Loam,5.5360131112009086,4.851241428296104,838.0999359558133,23.694052404437514,Temperate,High,High,152,17.98739228575373,Corn
Europe,Loam,5.725160780823874,3.814743909843183,931.8761172373903,18.06761641374013,Continental,High,Low,150,14.071524364472102,Wheat
Europe,Sandy,6.099838223013969,3.9727727949264136,756.2758577682538,11.968114971954098,Continental,Low,Medium,157,11.739649033525433,Barley
North America,Clay,7.176304367103849,2.1411613534292657,911.8318577806369,31.264434411098748,Tropical,Low,Medium,101,16.486444776532814,Rice
Africa,Sandy,7.257957800564535,3.287089408193289,1032.375660521638,24.87598814891215,Dry,Low,Low,134,15.504893358806388,Rice
South America,Clay,5.829649350693524,1.68232764622836,722.2851793521747,15.575918166551766,Continental,Medium,High,110,12.2409637399685,Barley
Africa,Loam,7.073500670308874,4.883064825899131,1149.9162610544997,18.18631043257776,Continental,High,High,155,17.360626565462013,Corn
Asia,Loam,7.282960031247013,1.011684130485448,675.2789130141587,12.256185389383607,Dry,Low,Low,150,7.556712940821591,Barley
North America,Clay,6.4394875259813675,2.7898725652898313,792.5926405903176,31.48221538402594,Tropical,Low,Low,173,15.386220617041426,Soybean
Europe,Sandy,6.644097286738601,3.0506709038256656,1016.8959166146142,17.112349532462233,Tropical,Medium,Low,143,13.078654768088953,Barley
Africa,Sandy,7.248445049370352,2.9741863213604747,934.2680152900931,20.517720693196964,Tropical,Low,Low,100,12.124895731039038,Soybean
North America,Loam,6.959720617696957,4.529034224379391,726.0862294292438,14.382418975445855,Tropical,High,Medium,150,13.754395000285202,Barley
Europe,Sandy,5.504207686351767,3.8702884989263775,1106.264748915894,23.43931663593509,Temperate,High,Medium,136,17.66918229580013,Rice
Europe,Loam,6.4124730179110845,2.4762120870436664,746.2938704188335,15.544038872923563,Continental,Medium,Medium,108,12.24166817675369,Barley
Europe,Sandy,6.837145293445828,3.714679826690259,1239.8196361113405,22.559620455146373,Continental,Medium,High,155,17.854574061471784,Rice
North America,Loam,6.725146936689638,4.49479437386538,941.6428846513114,21.166080656317508,Tropical,Medium,Medium,173,16.619613522943013,Wheat
Africa,Clay,6.090081415308313,2.944001975190412,952.3607556173566,19.833850046777695,Dry,Medium,Medium,134,14.263101943636153,Soybean
Asia,Sandy,7.133446405117089,1.26953821914209,765.072429638014,12.574889208595511,Tropical,Medium,Low,110,8.790345831160494,Barley
North America,Sandy,5.952558216428463,2.5369584805495253,1155.0621785219023,21.311811901618313,Dry,Low,Low,156,14.724018253027646,Soybean
South America,Loam,6.242344846875255,3.404296667200932,958.6977441104426,11.257340133809096,Tropical,High,High,122,14.092667844822346,Barley
South America,Sandy,5.550895519811502,3.583289545145937,1417.431030039681,15.17797872694154,Dry,Low,Low,124,14.292102086601698,Barley
North America,Loam,7.19427897938757,3.1243413795409714,626.8973630447987,21.041776479796397,Dry,High,Medium,137,14.69218678757086,Wheat
Africa,Clay,5.6986044055073855,1.83545628282296,707.5807962697204,14.426261463375553,Tropical,Medium,High,153,11.382985374399775,Barley
North America,Clay,6.0784895439453095,4.600332732065922,748.2407874665795,27.993235852523583,Dry,Medium,Medium,126,17.072723843284212,Soybean
South America,Clay,5.80316858573976,1.123750578925368,845.7964850122156,21.009497798142252,Continental,Low,Low,111,11.041872821310358,Soybean
South America,Sandy,5.993814853335171,4.354196859611313,546.3928900997694,20.6166453719527,Tropical,Low,Low,92,11.868614546488232,Soybean
North America,Clay,7.1613770210401535,3.179310630180747,625.3180731824383,14.4265731937001,Tropical,Low,Medium,90,11.171140681900116,Barley
South America,Loam,5.914618006375116,4.129553317840349,864.8799943575823,18.210444548094188,Continental,Low,High,171,15.141655807987732,Corn
Asia,Loam,6.921769433364638,4.627771235339336,1191.6694908441189,20.423914323219794,Tropical,High,Low,153,16.745412468533786,Wheat
North America,Sandy,5.761304687646926,4.16203917709954,1017.1572649878694,20.48991576735448,Temperate,High,Medium,94,16.029649689480216,Soybean
Asia,Clay,7.009242443197183,2.967724400422916,974.6338861386932,15.453176151796935,Tropical,High,High,144,14.397739658145385,Barley
Asia,Clay,6.522550924401502,2.9693019200047277,680.8677411913015,26.872190465854086,Dry,Low,Medium,170,15.238415511710656,Soybean
South America,Loam,7.28618041039083,1.2498303744762858,732.6204348833018,25.829030096041926,Tropical,High,High,127,14.809448012967502,Corn
North America,Loam,5.538232188859528,2.9073738732712684,931.1801553059522,20.973680973593876,Tropical,Low,High,175,15.249884348979839,Corn
Asia,Clay,7.414896038076193,1.0354531404538756,1020.2311524494573,15.528250436622987,Tropical,Medium,Low,108,10.746013654697734,Barley
Asia,Clay,5.785700574601677,4.013711689027876,903.0085346552376,23.578291223789456,Tropical,High,Medium,94,16.83286212543138,Rice
Europe,Loam,6.315086062064862,2.6284259565025105,897.1924565854542,15.898793352756492,Temperate,High,High,164,13.846327124915927,Barley
North America,Loam,7.184148874797159,1.9689248712982677,656.8166298482935,21.680800231380204,Temperate,Low,Low,149,11.587162788927538,Wheat
South America,Clay,7.312222004264994,2.285982804991528,648.899333080049,19.225376990818617,Dry,High,High,142,13.691264149205502,Corn
Europe,Sandy,5.875685705075548,3.8791658134187443,1096.2477097177607,17.607112776892663,Tropical,Medium,Low,121,15.4604494470787,Barley
South America,Clay,6.605001934815778,3.0806795692430047,541.9271030914329,22.381788846781095,Temperate,Medium,Medium,166,13.441450904469212,Soybean
North America,Loam,6.043094094822485,2.6097865497346757,911.2435157995005,24.0611989046961,Continental,Medium,High,146,15.86251002265317,Rice
Asia,Clay,6.433935999927222,2.361482985223051,798.1399357722771,20.948558643627628,Continental,Medium,Medium,133,13.915259117412319,Soybean
Europe,Sandy,7.185423804321109,2.2533916703405725,530.8258153053571,15.903710701392512,Continental,High,Low,171,10.148158342304498,Barley
Europe,Clay,7.188497404811637,3.7033909858573457,988.9943330777463,23.690401874548254,Continental,High,Low,136,16.07024975588297,Rice
Africa,Sandy,6.0961044172788865,1.421459689003426,817.7315181922875,20.986578537027977,Dry,Low,Low,172,11.5200449072683,Soybean
South America,Sandy,5.505762503331229,4.435826741682519,605.9992064981914,26.353497925460957,Dry,High,Medium,102,16.60011472804757,Soybean
Asia,Sandy,6.444563608325963,4.520626951685941,924.4414288086804,14.305834411096154,Tropical,High,Medium,176,13.55357964571297,Barley
South America,Clay,6.658350510749444,1.3413653459372994,963.5779316050057,18.28294450206016,Dry,Medium,Low,102,12.85821280937737,Soybean
Europe,Sandy,6.876088887672028,1.9675555342165838,614.8361633704842,20.506783557732756,Temperate,Medium,Medium,113,12.351902645953839,Soybean
Asia,Loam,6.033350393323955,3.899425997260068,962.6147263258997,23.295156744362014,Tropical,High,High,114,17.283406307511957,Rice
South America,Clay,6.03450525958719,1.87922139529276,746.2010985393317,27.825859662644383,Continental,Medium,Medium,147,14.997964515466174,Soybean
Asia,Loam,5.535104726733258,2.1732344431222588,1019.5684721776545,18.22979644529488,Dry,Medium,Low,122,12.518567962526093,Wheat
Asia,Loam,6.826014692283552,3.193528144782616,1154.2191798621109,29.18803366532355,Continental,Low,Medium,140,18.217438463372385,Rice
Africa,Clay,6.468154139420403,3.989777626386776,935.3932774679075,16.28432867616008,Dry,High,Low,176,13.355585689505892,Barley
South America,Clay,6.801914670236146,3.5783646989693745,837.5605095782176,12.031414923244835,Continental,Medium,Low,121,11.057054988626051,Barley
North America,Clay,7.463306647704895,3.109060723661026,669.9966662659093,14.314293097318888,Continental,High,Medium,157,11.461816947553777,Barley
South America,Loam,6.9499623398481045,3.155252036158476,769.7173539779433,22.082307223780703,Dry,Low,Low,120,12.837556804323286,Wheat
Europe,Clay,6.103833400155004,4.044353224095502,830.351598449748,19.496308772969975,Tropical,Low,High,150,14.464197270526476,Corn
Asia,Sandy,6.419329740805322,3.1863085681291796,968.3056684079518,16.911816953028765,Temperate,Low,Medium,102,14.408594027308336,Barley
Africa,Sandy,7.421253951026399,1.7877028178137135,488.64733082425516,17.853777898506692,Dry,Low,Low,137,9.523808912809615,Barley
North America,Clay,5.852190942661189,1.8558281547529476,964.6457756693645,19.597240540903883,Temperate,Low,High,171,13.900007167516865,Corn
Africa,Clay,7.062697681228812,4.840671138914981,803.8295554831504,18.7954437745319,Continental,Medium,High,175,14.757492751057327,Corn
Africa,Clay,6.143339979319097,4.392168358405936,549.9184532060565,23.022576631776833,Continental,Low,Low,161,12.866336771114844,Soybean
North America,Sandy,6.525440495625256,2.926197361103417,952.1539283918707,19.963999771048318,Tropical,High,Low,156,14.398442559042742,Soybean
South America,Sandy,6.214242318601006,4.150196343435117,820.1040189016323,22.938658262399713,Temperate,High,High,173,15.882110129859083,Corn
Europe,Clay,5.577859926651335,1.1440752731657056,1122.0343058757212,12.368645016388939,Tropical,Medium,Medium,106,11.552313041532134,Barley
Asia,Sandy,6.355003662656223,2.305353723727949,898.359266317616,28.51027577007963,Tropical,Low,Low,108,14.780186014960005,Soybean
Asia,Sandy,5.909360218114568,3.364521213034066,577.8695607500628,18.195542902876966,Tropical,Medium,High,130,11.303912699071466,Corn
North America,Loam,7.258993141456253,2.8400095823231957,518.8490538694089,15.343662101418676,Temperate,Medium,Low,113,10.419069086009065,Barley
Asia,Loam,6.350456370875388,1.1502843615956295,948.9168054399358,11.107062079967417,Temperate,Low,Low,142,9.156756053425898,Barley
Europe,Sandy,5.901120502145966,1.8143135101854417,1073.3672921210891,15.778604907385022,Tropical,Low,Medium,174,11.836901405516434,Barley
North America,Clay,7.19685075818105,2.6905167880544365,650.1937058089809,26.08686784875815,Dry,Medium,High,139,15.639720023619086,Corn
Africa,Sandy,7.3038803934983,4.226774078778957,707.9473196833354,14.322695531509346,Continental,High,High,128,14.070647126006872,Barley
Africa,Sandy,5.83464260800212,4.122526869702229,649.7747886147109,29.01082404215723,Continental,High,High,98,17.941692757519117,Corn
Europe,Loam,6.093119824411861,3.857696656284969,930.0900185072278,12.48459849120091,Continental,Medium,Medium,110,13.510341939955286,Barley
Europe,Loam,5.860391508256296,1.392939968756322,862.3628366954521,13.971189357722306,Continental,Low,Low,159,9.5270198964692,Barley
Europe,Loam,5.561715808616145,1.2075811980736435,716.444040513644,24.711190757486808,Dry,Medium,High,162,13.312084066122644,Corn
South America,Sandy,6.370648442910472,3.197239085920416,555.5576382654157,23.68686567630412,Dry,Low,High,170,14.512205528720273,Corn
North America,Clay,5.969946809991906,3.819484040173527,787.9422017216776,22.273975848211904,Dry,Medium,Low,172,14.330695922703386,Soybean
North America,Sandy,7.4230266779661696,3.857643054506393,1168.4958089134423,14.815244970125292,Tropical,Low,High,108,14.849063938466381,Barley
South America,Loam,6.080091063924874,4.485656136763417,704.2325087983191,15.686121179784397,Dry,Medium,Low,146,11.990827960465776,Barley
North America,Clay,5.825630099353727,1.7476577624338465,954.4189577950578,13.27257581873889,Continental,High,High,101,12.993023498832434,Barley
Africa,Loam,7.255968993969669,3.422019066463506,777.5505066096682,23.51476895953434,Tropical,High,Low,148,14.342986903562746,Wheat
Europe,Loam,7.388897165388607,3.5669375891942328,753.3265422472931,19.220509110316662,Temperate,Low,High,143,13.61219186744155,Corn
North America,Clay,7.454208466103147,1.4124854496323032,794.5420120720598,18.663719427884867,Tropical,Low,Medium,147,11.386613891328718,Soybean
Africa,Clay,6.028552526317279,1.8213317548271992,615.1533711463392,14.458712690920066,Temperate,Low,Low,178,8.039824485516263,Barley
North America,Clay,5.653958934129933,1.302334455416268,817.5156437907178,21.979678378133865,Continental,Medium,Medium,109,12.750009254433131,Soybean
South America,Loam,6.907584621981015,2.4930392578510356,745.6689779347894,30.229086440441428,Continental,High,High,116,17.67702168806383,Corn
Asia,Sandy,5.504037035496468,1.696326701245717,470.440378323193,20.847209154298433,Tropical,Medium,Low,172,10.355970821327029,Soybean
South America,Clay,6.665852113608526,2.012406156718435,855.3586898650576,18.85304627965986,Temperate,Low,Low,125,11.520893783691065,Soybean
North America,Sandy,5.929335727945073,3.659978064951095,1084.892402626527,23.48811685366219,Temperate,Low,Low,163,15.387103445755049,Rice
North America,Loam,6.368806638013219,3.893791271400004,765.1291484194328,11.972674551404769,Tropical,High,Low,115,11.312978149202984,Barley
North America,Sandy,5.682782972663553,1.7970813458672033,961.5061999637619,15.133788433137331,Dry,Low,Low,112,10.74826905323875,Barley
Africa,Loam,6.713463449434872,3.691486674392319,751.5701548352139,28.52507073603515,Continental,Medium,High,171,17.118159678392004,Corn
Asia,Clay,7.073539006714254,2.5897926275963665,434.50512918940194,19.72595682541261,Temperate,High,High,154,13.150930811728658,Corn
Europe,Sandy,6.236897839833158,4.581384356612677,649.4310461228552,11.411029520958696,Tropical,Medium,High,98,12.478005893937235,Barley
Asia,Loam,7.167286268287917,2.9977270794673414,866.0285231578146,24.471839436061874,Tropical,Medium,Low,126,14.3716581954658,Wheat
North America,Clay,6.48219145876633,4.70844251543371,1079.3256959014625,16.54806686930662,Tropical,Low,Medium,168,14.929849056483997,Barley
Europe,Loam,5.818984525082716,1.6418504570849057,548.6986211441488,24.066025933739887,Dry,Medium,Medium,94,13.004810863259156,Wheat
South America,Loam,6.5300113194194465,3.1422152595186903,991.5579470273734,14.57424736721101,Dry,Low,Low,110,11.431130887925644,Barley
Africa,Loam,7.4056300340050125,2.3069701681201633,909.7767670634729,18.72522103223151,Temperate,Low,Low,138,12.365844491337192,Wheat
Europe,Sandy,7.088971267296982,4.537506188091886,801.8076373024614,21.54130420281246,Tropical,Low,Low,165,13.02313404951316,Soybean
North America,Clay,6.322187217760879,3.887716910062718,726.554201933901,10.81912767783751,Tropical,High,Medium,112,12.586110515420037,Barley
Africa,Clay,6.190459907339945,2.656803702287321,706.6900136531888,21.871390902405725,Tropical,Medium,Medium,121,12.601056884916245,Soybean
Asia,Loam,5.736830078351864,1.8475773217604363,1023.7763240596798,29.169613260968916,Temperate,Medium,Medium,100,15.959018705620304,Rice
South America,Loam,6.857956986076084,2.647458961669984,687.0451991658116,22.681889263008518,Tropical,Low,High,154,14.041042822664162,Corn
Africa,Clay,6.565008132831964,1.4615785687156695,865.564234568617,24.62135069768915,Temperate,High,Low,138,14.262320673592352,Soybean
Asia,Sandy,7.0459734426111735,4.805768114902724,798.4969271458444,23.745449221265346,Dry,Low,Low,154,15.515128085268687,Soybean
Europe,Clay,7.271239528483546,1.8876018431374915,618.6860236445732,28.546930332788513,Tropical,High,Low,115,14.30790889481448,Soybean
Europe,Sandy,7.08311640518274,2.8051764521170197,1151.7240968390267,9.570920705383557,Tropical,Medium,Low,172,11.280603059078617,Barley
North America,Clay,6.2756521798338625,4.214150637850413,639.9922871204707,19.682377126923225,Tropical,Low,High,140,13.527471868637024,Corn
South America,Loam,6.526736420449831,4.956871015831,665.3906309745976,19.81702068718724,Tropical,High,Low,109,14.415544735673834,Wheat
Africa,Loam,6.245066547519102,1.274854710895844,672.9275222348741,14.051666704548193,Temperate,Low,High,151,9.37362344331133,Barley
North America,Clay,7.184651009499868,2.4929646255169353,520.5684003563845,25.55058803333159,Dry,High,High,120,14.560088039638377,Corn
South America,Clay,6.59606471332848,3.0842927620335514,467.9034664612352,29.098196760305953,Tropical,High,Low,151,14.578323883989484,Soybean
Europe,Loam,6.193925319469117,2.5630206093185484,1082.0918290407008,27.890187535265493,Tropical,High,Low,147,16.277361749249206,Rice
Europe,Loam,6.657613509023881,3.5295652973135496,956.8255181729401,21.552956294363515,Dry,High,Low,131,14.699326616272025,Wheat
North America,Clay,6.349701685736174,4.631354055534136,459.95805149646867,16.209573366564,Continental,High,Low,133,11.524053355833502,Barley
North America,Loam,7.1436618931707185,3.6380430745630807,618.4487639706159,27.596419618208845,Continental,Low,Medium,151,14.535637214768542,Wheat
North America,Clay,6.889281917787455,1.8748624519917092,978.0495001673017,15.912995515463251,Tropical,Low,Medium,96,11.659252202650862,Barley
Asia,Loam,5.875444811384504,1.3535397879380748,942.5256967692858,23.797732347890214,Tropical,High,High,173,14.930502676525848,Rice
Europe,Sandy,7.148653783758538,3.520159513919929,407.4748616654842,24.67696026899064,Dry,Medium,Medium,135,13.454543351652765,Soybean
Asia,Clay,6.372839197459186,3.667087639135589,1145.325301299319,20.518985905480466,Tropical,Medium,High,107,16.5814178744363,Corn
Africa,Clay,6.1080605448959995,2.2724177876138882,928.9256492635393,32.2472989947905,Continental,High,High,124,18.04860054638432,Rice
South America,Loam,5.660444492911428,2.2487854728704146,761.836518909131,19.815602193281048,Dry,Low,High,175,13.720343254748023,Corn
North America,Clay,6.661900759776358,4.962716628263063,925.9499756797348,21.246542978208645,Dry,High,Low,108,16.496430311514096,Soybean
North America,Clay,7.2368215758827645,2.516510633502588,1130.309253838448,29.369587105150178,Temperate,Low,High,144,18.734104302393686,Rice
Africa,Loam,6.686316438078936,1.2133919879555908,1070.227182652246,23.12754008415518,Tropical,Medium,Medium,100,15.002727270366751,Rice
Africa,Clay,5.8347140644735624,3.0014377848622424,911.6583349511593,19.19814499708776,Dry,High,Medium,130,14.607774863236859,Soybean
Asia,Clay,6.910278291141127,2.8206879669346256,810.8153639693943,13.969998994637653,Dry,Low,High,136,12.18837352648683,Barley
Europe,Sandy,7.176309949977285,4.211243739298002,1110.832084142955,24.269879882761117,Temperate,Medium,Medium,127,17.013988788832755,Rice
Africa,Sandy,6.666381608554195,3.3713607220324406,1412.3893930812437,21.9316165890578,Temperate,Low,Low,129,16.23628490925645,Soybean
North America,Clay,7.261946011279315,4.531659266074889,839.0049968056253,16.20858965556205,Continental,Low,Medium,151,13.5037906491645,Barley
North America,Loam,5.750441119033663,1.802211911381066,1312.5055318665031,21.23916488437012,Continental,High,Low,126,15.472733240661132,Wheat
Asia,Sandy,7.051823065614612,1.5117476980471327,916.4334088960117,20.78581174934409,Dry,High,High,142,14.42437901228082,Corn
Asia,Loam,7.384766908004554,1.2992848207798922,650.6843306919523,16.607572974874603,Continental,Medium,Medium,104,10.556015888810396,Barley
Africa,Loam,6.056736963325314,4.193172788836747,787.6471600279742,22.39720759043032,Tropical,Medium,Low,153,14.004468905183543,Wheat
South America,Clay,5.8119617273978665,2.9139844650238476,647.7627230371049,24.25534607010307,Dry,Low,Low,99,13.596890692716858,Soybean
North America,Clay,7.144762422370709,1.2279149079894731,422.84661624915157,18.030990657782468,Dry,Low,Low,145,7.9330329193894,Soybean
Europe,Clay,7.030320657633533,4.761676829202988,699.1007031456734,20.86980574842854,Dry,Low,High,179,14.546249920423428,Corn
North America,Sandy,7.176460842163602,2.4456151162687454,135.04885601778074,12.655382681649032,Temperate,Low,Low,137,5.576415384185251,Barley
South America,Loam,6.5257941110376185,4.478424329899109,615.106802374089,28.64557384034767,Tropical,Medium,Low,143,15.789085249935457,Wheat
South America,Loam,6.641754833678952,1.7410814215332948,621.5349219623106,22.0104412910147,Continental,Low,Low,156,10.79973450400469,Wheat
Asia,Clay,5.786002245331453,2.498192973518325,692.1754593702043,20.337468406236376,Continental,Low,Medium,99,12.583215433213295,Soybean
North America,Loam,5.8502462802607065,3.691058457649867,880.3121216775437,22.34157792469569,Continental,Low,High,130,15.624581993158127,Corn
South America,Loam,5.607028925826087,2.5061211511571932,466.3122492194744,26.746625314729222,Dry,Medium,Low,170,13.691166268306093,Wheat
South America,Sandy,7.341479300685271,1.160236476202778,793.7882134258197,15.451582915090832,Tropical,High,Low,135,10.883232902206933,Barley
North America,Sandy,6.730507306564828,4.041697246729887,836.321813250702,23.710764021882284,Dry,Low,Low,106,15.027604392591181,Soybean
Africa,Clay,7.025786671108728,1.1818100017431838,1204.7201135084952,18.58949989981357,Tropical,Medium,Medium,170,15.050922863584663,Soybean
Europe,Clay,7.178360789960597,1.6427183388473807,844.2983246556789,9.579435302507058,Continental,High,Low,164,10.271845209988971,Barley
Asia,Sandy,5.878278200045969,4.6894699386804115,826.2380180687767,20.432142585392175,Continental,High,Low,101,15.623026646939344,Soybean
North America,Loam,6.854786259777746,3.2631262193639854,702.5683954708588,16.34521862142263,Dry,High,High,112,13.905869464234081,Barley
Asia,Clay,5.968851200023029,2.380334982052935,1106.770988206435,20.689222524403917,Tropical,Low,High,138,14.528421507000285,Corn
North America,Loam,6.091309083224971,3.478463707779689,599.36403381544,14.522832713527066,Continental,High,Low,126,11.409477705927628,Barley
North America,Clay,6.8562276619084175,3.1720857234670565,687.9626949563582,9.887692076395528,Temperate,Low,High,149,10.141799363489481,Barley
North America,Sandy,5.623616921378446,1.369442112445514,754.0902689279305,23.20239897600412,Temperate,Medium,Low,105,12.231473174398392,Soybean
South America,Loam,5.878786835769692,1.0201062104392125,969.8021826553106,19.473815159593663,Continental,High,Medium,162,13.71961493279217,Wheat
Asia,Loam,6.304812518598624,4.538347552918455,963.2013697548847,15.255417395875813,Dry,Low,High,173,15.396991708829711,Barley
South America,Loam,6.959423812994844,4.760883222285139,771.1063169400413,15.264766710797355,Continental,High,High,110,15.355209709315186,Barley
Africa,Clay,5.774178916157513,3.9355325232101652,748.2291199260337,21.597006167977902,Tropical,Low,Medium,114,14.233332267666736,Soybean
Africa,Sandy,6.966000214445247,3.634645419759068,744.5367886868039,23.575812003803424,Temperate,Low,Medium,107,15.451350083268693,Soybean
Asia,Clay,5.697474413765332,1.3026444156164434,843.9568646848923,24.07084741666176,Tropical,Low,High,126,13.62539567128698,Corn
North America,Sandy,6.977733354266065,1.1297737841887479,829.7820151692744,16.602795385341434,Temperate,Low,Low,119,9.851712194256026,Barley
Asia,Sandy,7.087141309077603,1.1271139374292978,895.4701279472947,17.701615657553532,Dry,High,Low,147,10.926658535344131,Barley
Africa,Loam,6.415857988868056,1.9060865041444228,825.9000902016198,18.491830582323697,Temperate,High,High,90,13.944936973729567,Corn
Asia,Sandy,6.225119593118189,4.2228581026728715,490.53920221232687,9.178450660760802,Dry,Low,Medium,106,9.220217972382395,Barley
Asia,Sandy,6.631376344282011,1.7306895369586726,939.4130548028775,18.80416809965481,Tropical,Medium,Low,161,12.465090636117237,Soybean
North America,Sandy,6.341522403531852,3.4067286560731844,892.3332589422727,17.333476332860645,Tropical,High,Low,136,13.499941188333866,Barley
Africa,Clay,6.164219566616249,4.712407342039146,1037.5438354332803,27.677811889577075,Continental,Medium,Medium,167,18.493588181917236,Rice
North America,Loam,6.601326758881703,2.612831024533009,658.6878842333055,18.91773888614276,Dry,High,High,137,13.243882684603191,Corn
South America,Sandy,6.209795366973108,2.652690068830878,706.956626676384,18.556023486502568,Tropical,Low,High,147,11.843058845660739,Corn
South America,Loam,6.920229532674559,1.3829162189775892,859.9814876734526,20.49534537961705,Continental,Medium,Low,97,11.296190919595205,Wheat
North America,Loam,6.133173519817302,2.142798376179058,348.7735385014111,16.684032758123205,Tropical,High,Low,119,9.564480619098664,Barley
Africa,Sandy,7.165859431148456,3.161186127161229,1126.371379817822,18.50701631195187,Tropical,High,Medium,93,15.649924370739695,Soybean
Africa,Loam,6.048769210405175,4.606332021148271,861.1228722502432,11.936691209798862,Temperate,Medium,Medium,95,12.758858989500458,Barley
North America,Clay,5.967793862944407,1.8435449107231525,782.8783821057508,14.67232655051528,Dry,High,Low,121,11.387511236749432,Barley
North America,Clay,6.819011963302654,3.7521822282965154,814.6869038482238,18.31810668444798,Tropical,Medium,High,162,14.792363167504986,Corn
Africa,Loam,6.6308399352154845,2.7690091060782365,569.6263230826452,17.729157069202056,Continental,High,Medium,163,12.351886947747278,Barley
Asia,Sandy,5.826038227629772,1.9352513323722564,1009.7414252833128,28.277035565441476,Temperate,Medium,Medium,100,15.840750325690811,Rice
Asia,Sandy,5.5193737654819355,4.431820363660229,621.0125292917269,18.059510464501997,Temperate,Medium,Medium,148,12.673879508651186,Soybean
Asia,Clay,6.228225550020999,3.2648600630104663,964.6618904208367,14.750603795536227,Tropical,High,High,91,14.38926582318018,Barley
South America,Sandy,6.018776801486393,1.3503651896237856,656.8659972564722,16.50004103214085,Temperate,High,Low,179,9.780912274850369,Barley
South America,Clay,6.168802357977498,2.578289261275695,218.6023561356717,18.12588971689097,Tropical,High,Low,135,8.864606265268451,Soybean
Africa,Sandy,6.222149452682075,2.6338223256339304,854.2075601524251,17.70454844890504,Dry,High,Low,105,12.34216001135921,Barley
Asia,Sandy,5.993039811275966,4.904130794400816,1015.8226607987855,17.105494838317835,Temperate,Medium,Low,111,14.001994323496099,Barley
Europe,Loam,7.152129369096571,3.692368523644868,581.3126835807177,23.80652781704726,Dry,High,Medium,93,14.229466286942499,Wheat
Asia,Clay,5.569878492811977,4.9590256536373385,632.9428588818483,20.35124289107397,Tropical,High,Medium,166,15.339919535150432,Soybean
Europe,Sandy,6.73754415408201,3.6614608336756174,1023.0866594762269,11.576496530070873,Tropical,High,High,105,12.985202178363515,Barley
Africa,Loam,5.532400794678934,4.273521699118141,1093.9165074721773,21.477136432824423,Dry,Low,High,170,16.355382636133324,Corn
Asia,Loam,6.148658754703036,3.7059349980824177,664.6009723082938,24.501992941975317,Temperate,Medium,High,143,15.863963402259252,Corn
Asia,Sandy,7.037162661826404,1.9050897200127448,468.67535846444525,17.377759318686742,Continental,Medium,Medium,149,10.300245612431544,Barley
Europe,Clay,5.744014827153778,3.8055331422387604,881.0081086874372,14.175945303306982,Temperate,High,Low,116,13.006799951441646,Barley
Europe,Clay,6.430673867878972,1.0547296590427244,758.195780069728,22.667425384122637,Continental,Medium,Low,137,11.972928937799516,Soybean
Europe,Loam,6.295768351114046,4.223915603470335,745.4610835695079,25.834439378449282,Continental,Medium,High,117,17.111537861876556,Corn
South America,Sandy,5.754971360280493,4.200825390734316,1043.2624078698807,20.835696066053153,Dry,Low,Medium,147,15.093863746452312,Soybean
South America,Sandy,7.175061668152111,3.457943110046525,744.0863391466913,12.039282361028361,Continental,Medium,Medium,127,11.835659350698347,Barley
North America,Loam,6.384733066204838,1.1698796370261326,639.5595431527597,18.12311522203456,Continental,Low,High,101,11.653152044414801,Corn
Africa,Loam,6.304054433776481,3.915756800420629,550.881217677089,16.19905275518957,Temperate,High,Low,167,11.89029403234031,Barley
North America,Sandy,5.52579493957905,3.1611976270459987,540.498072003554,16.210719019970618,Tropical,High,High,129,12.656217209939559,Barley
Europe,Loam,5.776030974040103,1.3241544418602271,984.8668565983563,17.818202656408797,Temperate,Medium,Low,128,10.62518446993916,Barley
North America,Sandy,6.140054633124784,2.905845084957598,781.9251937763117,24.886592580321647,Temperate,Medium,High,90,16.538476324548235,Corn
Africa,Loam,6.645285706231169,2.026973985239032,610.8986240114538,16.05429185803699,Tropical,High,High,128,12.165166573852275,Barley
South America,Loam,6.8474034670843125,4.069995322362821,823.5769012206711,19.143245035981906,Temperate,High,Medium,141,15.639210521970327,Wheat
North America,Loam,6.6711274575866035,3.165497683629753,792.2572353239318,19.730475754971305,Continental,Medium,Medium,109,13.221675259826197,Wheat
North America,Loam,6.54642610994175,2.0871460643205166,876.0396738306788,19.101967511069123,Dry,High,High,95,13.861650757983062,Corn
Asia,Sandy,6.174605672934973,4.766307410935735,584.1215085801292,25.05351082293055,Dry,High,Medium,126,16.424228690791416,Soybean
Africa,Sandy,6.851325804414146,2.5837489047837994,594.7261584668215,26.150002863595752,Tropical,Low,Low,138,12.290531261192116,Soybean
South America,Clay,7.438643624568358,2.5113568549087466,1017.4713651431929,21.090125460662826,Tropical,High,Low,143,13.93407282480124,Soybean
Africa,Loam,5.7126745946964546,1.4565598772385284,799.7706421849073,16.389660035021862,Tropical,Medium,Medium,134,10.484052874287972,Barley
Africa,Clay,6.960984954964599,1.5414217398931362,528.9104993775422,8.625566180888189,Continental,Medium,Medium,130,7.168588605851162,Barley
Asia,Clay,6.851242619196487,1.1523452023972771,632.2813694072272,17.48221687091314,Tropical,High,Low,93,11.4104761041312,Barley
Europe,Sandy,6.856783771006026,3.371083763480739,1038.1097188687193,21.36257912910455,Dry,Low,High,107,14.8662995673741,Corn
South America,Sandy,6.728800014862648,3.094653664218443,735.1412566365516,24.669725830508682,Continental,High,High,135,16.305141584628057,Corn
South America,Clay,5.890394329143765,3.713964674602325,1097.8226216656578,13.040268796484218,Temperate,Medium,High,147,13.86684460465051,Barley
Asia,Loam,6.661290451819268,4.743748992994238,887.1950779000092,7.338769573901573,Temperate,Low,Medium,131,11.92218675016466,Barley
North America,Loam,6.720754990636655,1.0964407736346673,783.3239711123069,10.343115696034808,Tropical,Medium,Low,133,8.831831680235366,Barley
Asia,Loam,6.385154691865631,1.1934508441951235,541.4749305695475,17.33915718436405,Dry,High,Medium,100,10.826802909587014,Barley
Europe,Clay,7.068810946425595,3.39425197287104,1041.6695635147125,22.22099163645336,Tropical,Medium,Medium,144,16.440708365674286,Rice
North America,Loam,5.8696767958940494,1.2383483894125749,1020.585546548532,29.676601682992022,Temperate,High,High,176,17.152107743441082,Rice
North America,Clay,5.826733516796841,1.7378362042395334,983.01894791659,19.442455864285282,Dry,High,Medium,118,13.535617221833883,Soybean
North America,Clay,6.265568200806081,4.3565864322830095,214.11026199954642,30.264860122508317,Continental,High,Medium,173,15.31953599957653,Soybean
North America,Sandy,7.335086019307489,4.1112449778338025,797.5975853401073,17.42495861822154,Continental,High,Low,130,13.34329221901142,Barley
Europe,Sandy,5.839774146438114,1.5077776550198907,709.0904562513111,18.90673361282482,Continental,Low,Medium,115,11.616189778542992,Soybean
South America,Sandy,5.785113110066231,2.528557899330277,1023.255132751023,21.595801450459952,Dry,High,Medium,167,15.483372799396673,Soybean
South America,Clay,7.031943149710358,2.6547147159410414,768.2128529342438,17.90764484741402,Dry,High,Low,173,12.161343452348195,Barley
Europe,Clay,6.130727486532235,2.572588517976061,811.7174275084707,27.650975994316756,Continental,High,Medium,102,16.5444143313691,Soybean
Africa,Sandy,6.593857751970954,2.9003594914670723,924.1495110558848,25.20094282396376,Continental,Medium,Medium,152,15.6396025308677,Rice
Europe,Loam,7.423231614092331,3.920973337431472,1089.4070919842407,25.97047624973076,Dry,High,High,177,18.316858199105763,Rice
Europe,Sandy,5.8895469953744515,4.241872868861864,765.9398068978747,20.19780379127281,Dry,High,High,149,16.383045847546654,Corn
North America,Sandy,6.3316371360368215,3.194353660218754,856.589236901497,16.02221466029559,Temperate,Low,Low,166,11.857290479701671,Barley
South America,Clay,6.838438059849733,2.935210159442589,683.6435933215892,14.130600177955138,Temperate,High,Low,112,11.331627083276327,Barley
Asia,Loam,6.640573877462781,1.8404287716494072,826.4675654706729,32.84953517737667,Dry,Low,Low,136,14.780435563622794,Wheat
North America,Clay,6.634781888312147,4.184974437825549,975.8834082274807,14.613119615076208,Dry,Medium,High,179,14.062286829202696,Barley
Europe,Loam,6.52741571043061,2.152738103838118,807.8309183626249,29.047574592593033,Continental,Low,Medium,130,14.538498813213826,Wheat
North America,Sandy,7.382948475012131,1.697637068445998,812.8334251249348,18.199470236809066,Tropical,Medium,Medium,113,11.73739347680442,Soybean
North America,Clay,6.676187275210894,2.2643107353730563,734.3034057178933,14.720370932445784,Tropical,Low,Low,108,9.891430566140917,Barley
North America,Sandy,5.82924102647301,1.7246874034000803,634.5302000719295,14.145140606391937,Continental,Medium,High,144,10.235463992394113,Barley
Africa,Clay,5.67557647411632,1.6873178414306338,396.2492586833419,16.374516395129113,Tropical,Medium,Medium,119,9.643462910685825,Barley
Europe,Clay,7.226959789825626,2.2352091013984614,482.2105434167781,27.400543959773078,Continental,Low,Low,115,13.571202562186977,Soybean
Asia,Loam,6.776977569598271,2.2789727816307797,504.1111553720552,18.01243680545069,Temperate,Low,Low,98,9.58957385558002,Wheat
Africa,Loam,7.323451753825552,1.1611557829381685,437.35334279939093,14.706947047354005,Dry,Low,Low,160,7.124402264448946,Barley
Africa,Loam,6.883311303733083,4.862555901067202,461.4636768978126,23.464278779089057,Tropical,Medium,Medium,144,14.903965511799207,Wheat
Europe,Sandy,6.952222518689274,2.467845628028802,1185.2415125465154,14.760889729361539,Temperate,Low,Low,171,12.005278398339273,Barley
Africa,Loam,7.124155222017358,4.300845485038524,596.6878241975301,24.10727214626703,Temperate,High,High,104,16.179105367559348,Corn
Europe,Loam,5.62486265455556,2.944694616419532,498.36242912921426,14.215107624288539,Dry,High,Medium,140,10.506599694253838,Barley
South America,Loam,7.323637257372184,1.390030769855501,577.1907099676014,16.496736728277227,Temperate,Low,High,95,10.888323222712135,Barley
Africa,Clay,5.987142251729264,2.224188664915086,572.0616589905585,23.5913720348723,Tropical,High,Low,117,12.90374511720225,Soybean
North America,Clay,7.123892469275766,4.78299880890372,862.4756420933144,26.015239261029624,Continental,Low,Medium,175,17.131060902443124,Soybean
North America,Loam,6.793674457852762,3.499918993504141,647.9653889769559,20.88958403504936,Tropical,Low,Low,92,12.2047737861821,Wheat
South America,Loam,6.303586270218849,3.311311886045743,1161.303242132402,25.483503160541524,Tropical,High,High,148,19.312597803545966,Rice
Europe,Loam,7.177707723808138,3.6840519221316392,681.385573113554,21.573531537772343,Continental,Low,High,150,14.762327364641273,Corn
South America,Loam,6.762751955286753,2.0822370259519656,736.9826537611783,20.363623137016436,Temperate,Medium,Medium,92,12.853437605584004,Wheat
Africa,Sandy,5.612324019806627,2.022556375181446,782.2841938360664,20.654467439718978,Temperate,Low,Medium,167,12.666310926382085,Soybean
Africa,Loam,6.826292497950417,3.3814654806274906,373.48087476903277,19.092754653762416,Dry,Low,Low,173,10.247234653210223,Wheat
Africa,Sandy,6.053739938984025,1.1842522547279097,631.5005017266598,22.01595605380261,Tropical,Medium,High,93,11.70044719636209,Corn
Europe,Loam,5.609465413849971,1.8169684254737155,829.0127491918763,18.85830832350279,Tropical,Low,Low,158,11.566035537154342,Wheat
Asia,Sandy,5.740727152419972,1.2704189978895326,657.0638646019137,22.606399525069072,Temperate,Low,High,107,12.121681160745437,Corn
Europe,Sandy,5.968998955348187,3.997516066896624,953.4952145040065,24.32963309152551,Temperate,High,High,149,18.26511316626205,Rice
Asia,Loam,6.182488899515441,2.776733627513466,1050.5685268854968,17.758876918499254,Temperate,Medium,Low,128,13.401390868883999,Barley
Asia,Loam,7.477681082607326,2.9329283035017406,833.2218287875769,18.937855350447666,Temperate,High,Medium,96,14.74591553328854,Wheat
Asia,Sandy,5.513964523760697,2.6139238761079984,604.9267945443501,26.517539659673794,Continental,Medium,Low,140,13.628833970042146,Soybean
North America,Clay,6.37729500049211,4.909985032835573,576.7190440099936,16.911612556192015,Dry,Low,High,118,12.761469211029315,Barley
North America,Sandy,6.14080257228043,1.657147373089637,588.7344001388517,14.707481395020938,Temperate,Medium,Low,145,9.339813478440323,Barley
North America,Sandy,6.975760830337485,1.5560088207963108,622.9502627751555,19.53829318504074,Continental,Medium,High,150,11.575651892949752,Corn
Asia,Sandy,6.507416774168141,4.513663452179847,810.704559579809,21.214686772128537,Continental,Medium,High,157,15.859569600912007,Corn
North America,Clay,6.809450696996886,2.6448162688474164,1115.9880215886892,26.271567664693194,Temperate,Medium,Low,90,15.976865923995028,Rice
Africa,Clay,7.401637319832863,1.8395905183449228,675.5744325486571,17.23156128985168,Temperate,High,Medium,168,11.751935143328595,Barley
South America,Sandy,7.1583012805682795,3.0325668746607772,882.4218322040573,20.168626958810638,Dry,High,Low,127,14.830291874926967,Soybean
Africa,Clay,7.376128279136262,4.670589111617733,723.9185485178308,18.34510913193197,Dry,High,High,92,15.629323742640999,Corn
North America,Loam,6.211915546941281,1.5940271265747232,978.9060434777034,25.18043825523128,Tropical,Low,Low,119,13.012395932586845,Rice
South America,Sandy,6.099795185989072,3.5711802820252365,677.1353711807411,16.451055038832326,Temperate,Low,Low,145,11.555497215159873,Barley
North America,Sandy,5.719726227481566,4.534735870751959,1300.923336054314,17.376687964665983,Continental,Medium,High,104,17.592239190094507,Barley
Europe,Loam,6.95057416870911,2.441576160216445,1022.5740281536994,21.192404056819655,Continental,Medium,High,127,15.53130016290666,Corn
Europe,Sandy,5.746494916265103,2.230716357911794,518.5915572915151,19.964775072597227,Continental,Low,Low,170,10.259158605282169,Soybean
Europe,Sandy,7.268957455193519,3.2159730220125238,863.9049341565911,28.268086342461423,Temperate,Medium,Medium,106,16.43760719497976,Soybean
Africa,Sandy,6.666255646905738,3.3158612811832175,714.1872246197084,20.00355060782982,Temperate,Low,Low,98,12.136965915529306,Soybean
Africa,Loam,6.023502200268965,3.4969629479900726,1190.6606511491982,19.356323302360384,Dry,High,Low,142,14.652371804566346,Wheat
South America,Sandy,6.226510703351621,4.175740533807405,896.6126718522647,25.75564702979095,Continental,High,High,96,17.94083398806829,Corn
South America,Sandy,6.847512459568179,2.801401543123171,775.1145353787163,17.154863188624034,Temperate,Medium,Low,118,12.892566428933424,Barley
South America,Loam,6.469379033872615,1.1074706161797412,664.3386534969608,21.148207081949348,Tropical,Medium,High,173,12.091157121480872,Corn
North America,Sandy,7.295910432370039,3.1001973609815385,623.1683040112464,7.057916838979001,Temperate,High,Medium,102,10.279956518877878,Barley
South America,Clay,6.601320918473128,1.6125780003358248,1000.7603096664959,24.80152398140735,Tropical,Medium,Medium,148,15.265562955056772,Rice
North America,Loam,6.796929113800474,1.2737628369705045,427.91040001513863,24.321218073671133,Continental,Medium,Medium,153,11.935820572884307,Wheat
Africa,Loam,5.676268861953383,4.107193748834523,1016.8859154768793,24.267107257460577,Continental,High,High,148,17.965623387658347,Rice
Africa,Loam,5.7382130717534325,1.5621885119821717,964.6388205385773,23.415954551826562,Dry,High,Medium,159,15.212805666040525,Rice
Asia,Sandy,5.885741137379228,1.3708592432410796,424.65625386345266,24.49069860408318,Dry,High,Medium,123,11.829466856712749,Soybean
Europe,Clay,6.464548000163087,1.2292412400419472,916.0197683270413,22.71728230477053,Temperate,Low,Low,131,12.180078867026928,Rice
Europe,Clay,5.867569330215803,2.3135419984664214,579.5460519088289,21.828242933279522,Tropical,High,Medium,100,12.78403617523174,Soybean
Europe,Loam,6.538625385284607,1.790223622713913,388.40664932064897,21.78108354907231,Continental,Low,Medium,173,11.12664774893357,Wheat
Asia,Sandy,6.1940046708244,4.731470760506532,652.1962206002064,22.217618692312076,Temperate,Medium,Medium,177,14.160378965830688,Soybean
Europe,Sandy,6.172646788540667,4.682143540410219,794.0516691689232,17.269444986307153,Temperate,Medium,Medium,95,15.018495751967205,Barley
North America,Clay,6.466996170213608,2.7165979678332874,872.129578287159,13.165708183595868,Continental,Low,Medium,145,11.579922357704852,Barley
South America,Sandy,6.255988077252306,4.924726235175369,943.5586990247625,17.322890613333257,Continental,Medium,High,114,16.44321402964888,Barley
Asia,Loam,6.1923937733606556,3.6151470044978464,757.4842744022864,25.003313525791718,Tropical,Low,Medium,177,15.142382254354676,Wheat
Africa,Clay,6.533255183708551,2.138401529218724,837.2026756398188,25.302961679911835,Continental,Low,Medium,178,14.718734861491113,Soybean
Africa,Clay,5.691281392047432,2.67654469776822,516.7545888414709,16.26310885626854,Dry,Medium,High,97,11.338259425870648,Barley
Asia,Sandy,6.1865509781288965,4.408193663218771,476.8226425179054,21.49823843918674,Continental,Low,Medium,147,12.689909530027688,Soybean
North America,Clay,6.1917177159505385,1.140860694102094,806.9249477518492,25.333594150271633,Tropical,Low,Medium,149,13.186434968557368,Soybean
Europe,Loam,6.043100910354971,2.2648604902533203,922.6118351532651,15.692976826085145,Tropical,Low,Low,104,11.514689473718548,Barley
South America,Sandy,7.491021936031733,2.801107241766363,1025.474802089111,21.57276085268385,Temperate,Low,High,129,15.409411007019703,Corn
Africa,Loam,5.517554423895859,2.5285316353039513,682.6433940981029,24.971680399389644,Dry,Medium,Low,98,13.857338834722349,Wheat
South America,Loam,6.47623508686747,4.25225118885648,815.9602968117466,18.840869153787622,Tropical,Medium,Medium,164,13.770764103458761,Wheat
Asia,Clay,7.347329675099306,4.990072524690699,912.1785445363612,13.733044143879226,Continental,Low,Low,132,12.997546327766898,Barley
Africa,Sandy,5.978029069331887,3.515491587952702,962.2407055725347,14.97073217625518,Dry,Medium,High,98,13.260161603455867,Barley
Africa,Sandy,6.047977563086036,3.3722247598694306,1212.1645602270692,22.856238297942486,Temperate,High,High,130,17.92507688284403,Rice
South America,Clay,6.209594579312777,2.599932073174274,691.5383327748764,13.64289611437432,Continental,Low,Medium,177,10.381309665350479,Barley
North America,Clay,6.012826055397884,4.735911896578077,927.2310970078871,11.88233307800797,Temperate,Medium,High,120,13.577982377053578,Barley
North America,Clay,7.2287325329119465,2.8275522869490675,1017.7393117235391,26.690127013144256,Dry,Low,Medium,153,16.34214552175869,Rice
South America,Clay,7.493618361362218,2.7074333151803582,958.2059719915807,22.056979385791806,Continental,High,Medium,165,14.27472392172515,Rice
South America,Loam,7.443690602650969,3.0504609764127997,1063.9271324487438,16.75086557251282,Temperate,High,Medium,168,14.627348230220655,Barley
Europe,Clay,5.758142493861763,2.191437593560845,609.7461213723396,16.980549421721072,Tropical,Low,High,141,11.96685994039144,Barley
Asia,Clay,6.919342687009049,4.934846332836607,711.569005952696,19.505542838015373,Tropical,Low,High,140,15.345224120156455,Corn
Africa,Sandy,5.658426300016742,1.1882335178400756,1055.7247776102295,23.268134439934826,Continental,Low,High,147,14.660735628253684,Rice
Africa,Clay,6.365679842114345,3.142169892391193,578.4116658170008,21.978994243548737,Dry,High,High,99,14.631267922039973,Corn
Europe,Sandy,7.424116997882703,3.03583616168819,935.4363373450094,20.912646401987192,Dry,Medium,High,109,15.866031734984265,Corn
Africa,Sandy,7.141183578648296,2.5690681660941883,823.5717304495096,23.43949983997955,Temperate,High,Medium,129,15.825327607619531,Soybean
North America,Sandy,6.285818671209786,2.034843789662538,1164.698293859888,18.810496241154123,Dry,Low,Medium,176,14.156403979155046,Soybean
North America,Loam,6.015263997527058,2.7997746970754385,1046.1120857738413,18.39768725120178,Continental,High,Medium,108,14.802068130937995,Wheat
Europe,Sandy,5.707512687071713,2.18168814525506,784.7220727466333,19.26240217690972,Dry,Medium,Low,131,12.590994438061896,Soybean
North America,Loam,6.5277330514265435,4.186579476060553,678.0030756962913,19.68815330281673,Tropical,Low,High,165,14.056893322162386,Corn
South America,Sandy,5.518174069902432,3.593190109195206,456.58761031159025,20.161651163977872,Tropical,Low,Low,175,11.452478717364706,Soybean
North America,Clay,6.666211514559796,3.872056712508006,788.4964493989074,25.285081414740677,Dry,High,Low,160,15.725049335592571,Soybean
South America,Clay,5.987990604704945,4.866936910140432,999.526415384049,18.566028821308652,Continental,Medium,High,124,16.862392280531797,Corn
South America,Loam,6.04694903074996,3.945892698476291,1379.303721103949,29.754259011839647,Continental,Low,Medium,127,19.915063985301188,Rice
South America,Loam,5.513593097172223,4.055426000800856,815.7586036415692,20.836812267558514,Continental,Low,Low,107,13.635247856153109,Wheat
South America,Clay,5.515533284307938,2.968368041400392,1103.3484576243554,19.602363661459005,Tropical,High,Medium,134,14.37530374381273,Soybean
Asia,Loam,5.767556289987936,4.81322867032949,503.188667015133,18.95765894729796,Temperate,Medium,High,156,14.039173383919511,Corn
Europe,Loam,5.927085708980683,2.644577345919948,646.4341469585605,15.076726075763688,Tropical,Medium,Medium,163,10.774588710700263,Barley
Europe,Loam,7.409332713758138,4.200550331008303,858.7297547726141,19.663852189245066,Tropical,High,Low,129,14.109571881691025,Wheat
South America,Sandy,6.874468686921366,2.25133679009688,1071.9775093176816,17.953457629521395,Continental,Low,Medium,170,13.84995652342054,Barley
Europe,Clay,7.032490945520758,2.2163785438851353,1044.0565792835434,14.616604362644932,Tropical,Low,Medium,144,12.308680969119319,Barley
South America,Sandy,6.415926428979071,2.587157301658337,859.7308896518981,25.701567075013042,Continental,High,High,169,17.828284105172965,Corn
Africa,Loam,6.6386099688244045,3.526889673306336,988.236373283994,20.95948867936518,Dry,Low,Medium,123,14.630960573436152,Wheat
Africa,Loam,6.145619586895701,2.032430572693659,789.7160891186317,20.08727732626328,Tropical,Medium,Medium,114,12.228656693535864,Wheat
South America,Loam,5.712427655176913,4.103509017878772,880.8425730554665,23.579363723454797,Dry,Low,Low,91,14.888653048542004,Wheat
South America,Sandy,6.557414639768105,1.1375074334069009,959.1711259308091,17.01685470694135,Tropical,Low,Low,127,11.859887658028187,Barley
Africa,Sandy,6.364021117860725,4.996197992414579,591.4921105034232,15.484683804519978,Temperate,High,High,176,12.913994407375327,Barley
North America,Sandy,5.650557433303347,1.4495881087040519,1208.413930585576,22.12797126731398,Dry,Low,High,116,15.894152949276933,Rice
Asia,Loam,7.142284849440695,4.877963597624713,739.1704928624393,15.0813694766949,Temperate,High,Low,115,14.505704145326385,Barley
Africa,Clay,7.078192223297513,3.411571530421741,853.6549879579053,13.132218040339357,Tropical,Medium,High,100,11.730701232190787,Barley
Europe,Clay,6.195564806097774,1.0865822453879344,707.4087794783056,13.038619095720478,Temperate,High,High,125,11.061548040940517,Barley
Europe,Loam,7.003589174734513,3.3534627568706266,1014.3859730423594,24.177122359465244,Dry,High,High,152,17.125942428550427,Rice
North America,Clay,6.353789455646606,2.876099758871534,666.3309610306396,19.69462164323812,Temperate,Medium,Low,150,12.378285378253615,Soybean
Europe,Loam,6.899068515231048,2.2277242919249303,768.0869436015897,22.86736493472603,Temperate,Low,Medium,115,13.646941546509927,Wheat
Africa,Clay,7.238704601984695,3.9473058230060163,799.0756622192955,21.85403592770843,Dry,High,Low,179,14.476281759091362,Soybean
Europe,Loam,6.008518321977861,3.5241975730808823,497.4086466799465,14.023416009047068,Continental,Low,Low,174,10.131100419955015,Barley
South America,Clay,5.682706485447111,4.026586197409595,919.3517292603699,9.881730109939165,Temperate,High,Medium,118,12.90299929410817,Barley
Africa,Clay,5.534996427974777,1.1960185798850942,878.8793048365683,25.748360094393735,Tropical,Medium,High,127,15.224007885674189,Corn
Africa,Sandy,5.553216732155368,3.9409140724063842,489.69755018821417,23.310259173792367,Tropical,Low,Low,132,12.846347298244313,Soybean
Africa,Sandy,5.759714026835762,3.704782985426157,958.229342302506,15.653738223920417,Temperate,High,Medium,116,14.079611983951256,Barley
Europe,Loam,7.0629241775094185,3.8131089109298064,1173.444840862463,26.216171652397318,Temperate,Medium,Low,176,17.56902207083988,Rice
South America,Loam,5.566847144871008,3.31917137533182,1004.9895112327526,20.997426497214565,Continental,Low,Low,92,13.939038502471666,Wheat
North America,Clay,7.342287760361684,4.904344096798287,731.7343760472946,19.94224350886676,Continental,Low,Medium,169,14.697284720288046,Soybean
North America,Clay,6.48681340082679,4.646531654833902,647.0056493242806,25.12693282271981,Dry,High,Low,158,15.26037625373663,Soybean
North America,Sandy,7.25749304735386,1.786668929561229,466.93818426447257,18.54239344541252,Temperate,High,Medium,137,11.47198044165586,Soybean
South America,Clay,7.136615635350606,2.342729602571367,853.1233986345067,16.128769432214874,Tropical,Low,Low,144,10.950509054482703,Barley
Europe,Clay,5.695220076217983,1.6673943128223105,571.2881080468999,22.708228439252963,Dry,Low,Low,125,10.688190722805464,Soybean
Europe,Clay,6.521040522597689,1.5623676726934623,701.1585090313448,18.696150768719658,Temperate,Medium,Low,167,10.245250319410058,Soybean
Europe,Sandy,7.097111676261198,1.4281165368441524,581.8206820054463,23.971505659885032,Temperate,Medium,Medium,172,12.685294230415321,Soybean
South America,Sandy,5.696689843180426,2.7970981878265992,864.0737128585483,20.67623270175616,Dry,Medium,High,132,14.372575495031311,Corn
Europe,Sandy,7.251370255172212,2.085723457104213,704.2027905848769,31.46605502849662,Tropical,Medium,Low,118,15.825999856124193,Soybean
Asia,Sandy,7.296292889640202,4.741699297794137,967.8698228463204,15.478470932526708,Dry,Low,Medium,92,14.029008675152681,Barley
North America,Clay,7.4987006009444,1.8457250319956446,958.3718620776135,17.146797848999437,Temperate,Medium,Medium,157,13.5779044636194,Barley
South America,Sandy,6.043435197796359,4.263823157660827,633.0099263424645,17.0179429601556,Continental,Medium,Low,146,12.031900159673947,Barley
Africa,Clay,6.332321892812315,1.66615405398908,805.6157548095981,20.521139695642038,Tropical,Medium,Medium,133,13.448715167505686,Soybean
Asia,Clay,6.963745474573002,1.6958548236133546,975.3579109107906,28.88043640190032,Tropical,Medium,Low,178,15.167216827148904,Rice
Asia,Sandy,7.492448986089277,2.898134250489763,909.1573427064711,9.142142976197762,Temperate,High,High,113,12.794329056268609,Barley
Asia,Sandy,5.808831515078426,3.5070820776688874,736.9799327962628,21.677631128123565,Temperate,Low,Medium,141,13.691122154739132,Soybean
South America,Clay,6.1400322261747835,3.0241787696473463,937.2707110029066,15.80553662987132,Tropical,High,Medium,146,14.11719468370776,Barley
North America,Loam,6.370585448375268,3.1006155764465135,1048.582676480026,20.769650965495025,Continental,High,High,139,16.71381917223066,Corn
Asia,Sandy,5.96603792879367,4.252568017926902,1133.4764685877233,17.942644129310196,Dry,Low,Low,115,14.207119200065552,Barley
Asia,Sandy,5.558339784581486,3.1649528577353205,587.0133421683723,27.527411423556728,Tropical,Low,Medium,107,14.832839643191472,Soybean
Asia,Sandy,6.471771212379227,3.2634071496426875,798.5752775583327,20.890870423847176,Temperate,Medium,Low,95,13.25803504430384,Soybean
Asia,Loam,7.32968429970331,2.3416272539853877,1077.8048725925523,11.916433125259928,Tropical,Medium,Low,95,11.222564937801316,Barley
Asia,Loam,6.251642438015882,1.3965844491104957,585.0070744548364,20.622734010119274,Continental,High,Medium,102,11.369028016682115,Wheat
North America,Sandy,6.337847249585837,3.0690886790172422,765.7522087089902,20.988246514497533,Dry,Medium,Low,148,13.280851859650857,Soybean
Europe,Loam,5.5097368153110065,2.650712993516597,893.6486596143069,19.89911674149365,Dry,Medium,High,101,14.442898243868058,Corn
Africa,Loam,6.770529974718162,1.1662393930890342,684.7160847330313,22.234467888239415,Temperate,High,High,131,13.721199485606975,Corn
Europe,Loam,6.177013758850945,1.028367251097484,783.4569952207014,21.215458638303495,Continental,Medium,Low,127,11.467869218207177,Wheat
Africa,Loam,6.747487452175191,1.5360995772759671,1012.7886892456127,23.943924915636508,Temperate,Medium,Low,154,14.1075409835959,Rice
Africa,Loam,5.661339534782355,3.6893930705714593,689.7085383289844,20.120516132386737,Temperate,High,Medium,129,13.664137415609583,Wheat
South America,Clay,7.429857203003651,2.0941681160077477,672.4410189766943,10.11464513044822,Continental,Medium,Medium,135,9.913999670563038,Barley
Africa,Loam,6.831894332160928,4.290629873921709,944.5653789971025,20.55899579101694,Continental,High,High,94,17.251077458542966,Corn
South America,Clay,5.798763272452864,3.593027816311288,915.0121535100882,19.559380794966525,Tropical,Medium,Low,140,14.611550906266244,Soybean
Africa,Sandy,5.64579690374331,3.507331617660269,804.4205499699711,22.782108527292703,Dry,Low,Low,166,13.970713491562659,Soybean
Africa,Clay,5.501255033256912,4.85237652359121,834.6973946454177,15.585023882495584,Tropical,Medium,Medium,177,13.510663471539093,Barley
South America,Sandy,6.21213459823829,4.155655851863468,850.1384832045504,15.940129238532618,Continental,Medium,High,125,14.220430975234306,Barley
Europe,Clay,5.589018078552343,2.156546873675044,702.2483245241127,13.461977596598238,Continental,Medium,Low,179,8.860294877323838,Barley
Asia,Sandy,5.883342637660549,2.898177400634225,646.1277902543937,20.7429311454153,Dry,Low,Medium,170,12.79822183188643,Soybean
North America,Sandy,7.1638830833761045,2.614079969760845,363.3302163140445,26.043410054176515,Dry,Low,Medium,122,12.504055682933027,Soybean
Africa,Clay,6.555524130672895,3.2297638686543997,841.0029545741857,24.002769440433724,Tropical,High,High,163,16.047405163394558,Corn
Africa,Clay,6.603424744039934,2.426235684707555,695.8811644639095,22.430923957809696,Dry,Low,High,110,12.674985679767289,Corn
Asia,Loam,6.962020698278966,1.3064896079688109,441.65411603322775,19.900694760960498,Continental,Low,Low,142,9.195200465466941,Wheat
Europe,Loam,6.425220606513957,4.273202037757527,732.7323292730974,20.788774355801337,Tropical,Low,Medium,143,14.513191425442345,Wheat
Asia,Loam,6.53841394920692,1.937480362711502,604.3681310948875,15.409424137827404,Continental,High,High,147,11.663328075930949,Barley
South America,Clay,7.4782506382174665,2.060189149637133,848.2480496813458,25.0329785763885,Temperate,Medium,Low,175,14.540353011213051,Soybean
North America,Clay,6.10013416581088,1.6050571378507037,810.1072685585823,27.44901315785677,Tropical,High,High,120,15.532566440876762,Corn
Africa,Clay,6.8987694819747345,1.4480468522728227,919.7696014873216,27.548119799828388,Dry,Medium,Medium,148,15.979456951888382,Rice
Asia,Loam,7.013078334452482,1.380995735891478,691.6628795408639,21.704339225629134,Dry,Medium,High,103,14.243418456209406,Corn
North America,Loam,6.859943420178753,1.8114927036569384,752.80601699078,20.212851706895165,Dry,High,Low,99,13.170790187681213,Wheat
North America,Loam,5.99795379832273,2.489228394292191,704.8409111990197,15.86944004142729,Dry,Medium,Low,93,10.736368066370128,Barley
Europe,Loam,7.172879474752246,3.047754522727711,659.3757890668761,17.32879864018537,Dry,Low,Low,175,11.009177637384694,Barley
North America,Sandy,5.732663454266523,4.880467545673729,531.9855857752129,22.16108345379627,Temperate,Medium,High,133,14.85472662018321,Corn
North America,Clay,5.986885233530821,4.368774923492458,751.172016738134,15.738066169629482,Continental,Low,Medium,146,13.009982678719485,Barley
North America,Loam,7.03455835503126,4.70666221554748,457.1091892549686,20.78422121845739,Dry,Low,Medium,171,13.604010337964798,Wheat
Asia,Clay,6.631484052141802,1.0612423465076217,667.7686630691694,20.757716042162343,Tropical,Low,High,126,11.044456702037385,Corn
Asia,Loam,5.852879540940701,4.823612689552729,701.5548957292516,19.343826633153395,Dry,High,Medium,171,14.994182197248845,Wheat
South America,Sandy,6.7884260319792356,3.6028975373352012,355.1960355277429,25.313286453937632,Dry,High,High,156,14.564467310805398,Corn
Africa,Loam,6.330311352114621,1.6768122067090072,800.4477501848605,28.83155303527937,Temperate,Medium,Medium,134,15.619566364635212,Wheat
South America,Sandy,5.731211221223024,2.554523782428411,976.4227544151013,15.118101757399604,Dry,High,High,108,13.35795680825859,Barley
South America,Sandy,7.203074343795851,1.6264512595705996,726.5364706662964,18.62305020590963,Dry,High,Medium,171,12.322332286214015,Soybean
North America,Loam,5.631252176355635,3.1976473282438582,1045.9980736877367,22.936312067320884,Continental,Low,High,144,16.06618792440841,Rice
Africa,Clay,7.107719772497646,3.035541020696983,827.760090908302,25.88618300783782,Continental,Low,High,90,15.374510427764918,Corn
Africa,Sandy,6.278869360155347,4.806809625562149,933.9616196018676,14.328597734268833,Temperate,Low,Medium,142,13.537968239529453,Barley
South America,Clay,6.123024598027972,4.13169445703029,844.370503360609,17.941392094222042,Tropical,High,Medium,97,14.733436220675138,Barley
Africa,Loam,6.548509441075473,3.6829093017704033,765.2756109430713,17.44650693245118,Continental,Medium,High,169,14.577089183672406,Barley
Africa,Sandy,5.66874179287701,3.740024346652715,432.3641001191081,23.07038111524546,Tropical,Low,Low,102,11.025276180281839,Soybean
Asia,Sandy,5.974972084724399,4.915678224479599,936.6446029577617,23.9004036111073,Tropical,Low,High,151,17.477604809002983,Rice
South America,Loam,5.87986948732204,2.842848685393102,658.6190441724806,22.607512627849264,Tropical,Medium,Medium,119,13.28521640798519,Wheat
South America,Loam,6.047332769842916,4.920021852787268,860.8556783265062,16.328833390144812,Temperate,High,High,147,15.568181072236865,Barley
Africa,Loam,7.4368382610008155,3.1622107015556966,957.4645011293046,20.647698196030234,Dry,High,High,166,15.77430999716108,Corn
South America,Sandy,6.213540980698502,1.6570817978237122,837.8406606948471,31.385432490266524,Temperate,Low,High,168,15.813242489601963,Corn
Europe,Clay,6.854926708479947,3.103081346732902,885.8233858322001,13.802224505938627,Continental,Low,Low,174,11.35397587092246,Barley
Asia,Loam,5.993312893689556,2.8384590069317057,821.9548773580746,17.65377081168672,Temperate,Low,Low,127,11.691606297470665,Barley
North America,Clay,6.797470277751469,3.909073881809736,746.9229201790451,26.039110173102163,Tropical,High,Low,122,15.666263551077726,Soybean
South America,Clay,7.420436144765649,3.6413433220565103,439.6994006983847,21.880887756418673,Tropical,Low,High,97,13.846712729938535,Corn
Africa,Sandy,6.292108954870933,1.796627590388268,987.996163618564,18.052286027084232,Tropical,Medium,High,131,13.927479833159552,Corn
Asia,Loam,5.705810176684001,3.9205207511056996,875.5262938865819,24.66709241479144,Continental,Medium,Medium,105,15.333707576439473,Wheat
Europe,Clay,6.62428950765517,3.2108155601821604,1108.7395521984827,20.42694305067479,Temperate,Medium,High,98,16.75572699483272,Corn
North America,Loam,6.468426278695283,1.2544057455111894,1000.6077957524925,22.459577690756934,Temperate,High,Low,143,13.76499941671943,Rice
South America,Clay,7.313306593903998,1.7649685163044855,435.84794443959674,16.471132584523176,Temperate,High,Medium,178,9.868557435764275,Barley
South America,Clay,6.904649958839414,4.4078770142233665,952.2931529968872,19.902477357295677,Tropical,Medium,Low,148,15.088419726524325,Soybean
North America,Sandy,7.0929035390756185,3.1882519636737685,746.3878157015776,12.621045510751513,Continental,High,High,136,12.585104234116287,Barley
South America,Sandy,5.520093962109663,1.7793619666214564,961.1187669990352,31.69564475784455,Continental,High,High,161,18.070732756258035,Rice
Asia,Loam,6.3216327911348555,1.8707991954289298,483.514405195272,24.084185057154905,Dry,Low,Low,125,11.619145579218223,Wheat
Europe,Loam,7.466774440921145,4.36442923575548,772.3953449100468,20.509754837031682,Dry,Medium,Low,162,14.225598416648298,Wheat
South America,Loam,5.6046657146013255,4.13139447194663,887.201155044516,24.219197548208687,Dry,Low,Low,101,15.189628218788046,Wheat
Asia,Loam,6.443397533782419,4.839135145750859,998.5845087037809,23.720738944740596,Dry,Low,High,128,18.17372241103768,Rice
Africa,Sandy,7.216738813439317,1.9304154485950238,755.7868926779347,16.69679308557945,Tropical,Low,High,164,11.770161859358309,Barley
North America,Sandy,7.109933667763371,4.869312445413879,757.7231540364062,13.889119674244938,Dry,High,Medium,119,13.860657038965956,Barley
Europe,Sandy,6.38413242623615,2.336418608346253,566.4696435767148,20.045703379113164,Tropical,High,Low,166,10.776582154821927,Soybean
North America,Clay,7.009865079570101,4.82070064191253,770.2304969675772,17.482151905461414,Tropical,Medium,High,142,14.877051562691367,Barley
Europe,Clay,6.212387886922759,3.788052055737052,570.2297180141423,21.280399393330104,Tropical,Low,Medium,166,12.423962484822308,Soybean
Asia,Loam,7.449539686840826,4.30241369962806,1052.0945924706118,22.21248339783965,Dry,Low,Medium,173,15.631585559198339,Rice
Africa,Loam,6.179385236959174,3.8760777726515645,223.16911284753314,20.42100504169686,Tropical,High,Low,94,11.621020343289121,Wheat
North America,Loam,5.735003680424747,2.007992886576287,681.7430422396211,15.767828492705107,Dry,High,Low,132,11.208294173022027,Barley
Europe,Sandy,6.5465724986005,1.4669916110751822,1031.967993277669,17.470169005060722,Tropical,Low,High,159,13.160283343300685,Barley
North America,Clay,6.242541841010787,3.0067966640256993,848.6435245122133,15.778357756052479,Tropical,Low,Low,140,11.703348576418152,Barley
Africa,Clay,6.191313871083718,3.9731779008963066,726.5682960092272,19.083328282496076,Temperate,High,Medium,160,13.808366885528672,Soybean
Europe,Sandy,6.719378122499136,2.023490163248851,748.6109749756437,19.617774363857507,Temperate,Low,Medium,99,11.66948752596268,Soybean
South America,Clay,5.6809926221917335,2.990117264109811,1120.032727773012,24.132404351801384,Temperate,High,High,99,17.057502888540448,Rice
Asia,Sandy,5.631158145293273,3.917661794906162,738.3061333580191,14.059258094770943,Continental,Medium,Medium,154,12.379353984999641,Barley
Asia,Sandy,7.013578445804794,2.3280028084707167,892.2460987173314,21.444324735098434,Dry,Medium,Low,111,13.904971885432479,Soybean
Europe,Clay,6.006402326739954,3.2211833013127253,706.611544849236,21.805125725713776,Continental,Low,High,169,14.635593414898764,Corn
Europe,Sandy,5.53224929274443,2.490628519576589,1022.6356586601416,14.534462196999392,Dry,High,High,117,13.446940714541137,Barley
Asia,Loam,6.464582647992421,3.878316898997435,929.1259209018111,15.046828048929932,Temperate,Medium,High,90,13.766257644039374,Barley
Africa,Clay,6.257911819625015,2.2110704304697,1114.7468433110212,22.283440053651997,Temperate,Medium,Low,123,14.712270815241466,Rice
South America,Sandy,7.147488923824599,4.428116113322312,886.9188337313565,23.82239110152895,Dry,Low,Low,162,14.633569622312368,Soybean
North America,Clay,7.277710196786839,3.982934934725436,986.4967704540641,21.100411647804908,Dry,High,Low,170,16.148803363878315,Soybean
Africa,Sandy,5.522026716671215,2.666544149655002,873.3299624294588,19.171402856632877,Tropical,Medium,Medium,93,13.546978661900907,Soybean
Africa,Sandy,5.7856918151838475,4.057006392277582,770.9521318544407,24.85696551071548,Tropical,Low,Medium,162,15.899554548330684,Soybean
Africa,Clay,7.499503126858089,3.899724790078477,842.060608044399,27.898665387639454,Tropical,Medium,Low,111,15.988776898861005,Soybean
Europe,Loam,7.3303342759491095,2.8608217324866843,715.8577538816263,17.883538791543003,Dry,High,Low,138,13.041882448122486,Barley
Africa,Loam,6.156510178554674,1.4513621780675376,1111.9875404745642,22.1753916909293,Temperate,Low,Medium,117,14.020909937481708,Rice
South America,Clay,6.406832461248536,4.95711978042554,999.9429606530881,15.509153084239427,Continental,Medium,High,128,15.480755400501359,Barley
Europe,Loam,6.320585605887893,2.331826457485673,359.75130530981636,20.970275331918774,Continental,Low,Medium,173,11.301511293260432,Wheat
Europe,Sandy,6.553634332100827,1.2283963137807055,674.3028587378489,18.536846898348973,Tropical,Low,High,100,10.693442045854718,Corn
Africa,Loam,6.16740841515126,2.2658751362459943,1073.9370324720571,17.555569404781544,Continental,High,Low,158,14.243526257013585,Barley
Europe,Loam,7.365007906194765,4.438011902499592,727.6845377113212,17.476402949064422,Continental,Low,Medium,98,13.499879842728456,Barley
Asia,Loam,5.894485332334034,1.8541499115358056,910.5647896143219,23.043677945622086,Temperate,Medium,Medium,165,13.970681974700765,Rice
Europe,Sandy,7.370317144753242,2.453290288344896,485.14053028888935,14.99698809444839,Continental,Medium,Low,108,10.062939186698381,Barley
Africa,Loam,6.3977027313040065,3.39604417685427,497.4942069402249,18.22441717278446,Continental,Low,Medium,167,10.821812693088672,Wheat
South America,Clay,5.714493666991692,3.032675225375853,974.182409689882,28.069013575180765,Dry,High,Low,169,16.946007468888222,Rice
Asia,Clay,6.106728564428341,2.5713563059256095,749.8879262762617,20.31129928164666,Tropical,High,High,155,13.993681868774772,Corn
Asia,Sandy,6.172616188827499,2.3144173579193708,1123.6184036339132,17.481096888702805,Continental,Low,High,148,13.54687459161341,Barley
Asia,Sandy,7.208910166370806,1.0195378640810078,743.2544991093445,20.33381062677195,Tropical,Low,Low,103,10.23432235690962,Soybean
South America,Sandy,6.454096450358709,4.339597713457566,828.5818775276347,30.65885041031082,Tropical,High,Medium,103,19.094196148535406,Soybean
Asia,Clay,7.217683166828521,3.515492577653221,795.9802496460696,30.014536700633336,Temperate,Medium,Medium,92,16.994546636630872,Soybean
North America,Loam,7.306672013045411,1.2787627869204785,700.9465958117624,26.072104017343378,Temperate,Low,Low,100,12.453613513697514,Wheat
North America,Loam,5.844337377105298,4.402046607908266,919.9300933826453,21.49471393065658,Continental,Medium,High,157,16.697185433448162,Corn
North America,Sandy,6.141126448721849,1.374080494391638,995.2081438711893,26.997432134861715,Tropical,Low,Low,147,13.184931825707439,Rice
Africa,Clay,6.575367043510201,1.0188497020889646,746.2167610604397,23.959894700065792,Temperate,Medium,Medium,104,12.206438783183026,Soybean
Europe,Sandy,5.540243443706148,4.0109085513039044,882.5961131050094,18.535226921182275,Continental,Medium,Medium,132,14.390625128159757,Soybean
South America,Clay,6.517883562018572,2.2761757194912295,796.0411310958584,15.601012835460597,Continental,High,Low,119,10.75173895246888,Barley
North America,Loam,7.200858975357856,2.6573080560808306,922.2169126891094,21.45100612292519,Temperate,High,Medium,104,15.18766405469529,Wheat
Europe,Clay,7.042486148066356,1.1552517912472084,544.8634680008537,23.51571271110002,Continental,High,Low,155,11.969836245281696,Soybean
South America,Sandy,7.254814690790294,1.1611252269359214,736.5480896614862,9.918075062773282,Continental,Low,Medium,97,8.27351014479769,Barley
South America,Clay,6.743014622276168,1.1551978189155498,771.6484891944923,18.73962017045013,Dry,Low,Medium,116,11.540304225067661,Soybean
North America,Sandy,6.567108867107159,1.0009640187405382,552.0875427839521,12.485646956588052,Tropical,High,High,165,9.234218195909047,Barley
Europe,Clay,7.231290072745464,1.9653988153499995,960.3521128709954,20.096029840018456,Tropical,High,Medium,117,13.50807373321274,Soybean
North America,Loam,7.217504051218368,3.8018194616974315,626.044393438993,25.486040227821164,Continental,Low,Medium,144,14.328682495966808,Wheat
South America,Sandy,6.673535815689182,2.7829192836114767,798.3275777751878,23.236663427567393,Continental,High,Low,101,13.37502937455773,Soybean
Asia,Clay,6.289614565756512,3.584187776386384,1025.249236031142,23.244718031296355,Continental,Low,High,139,16.380697243508305,Rice
South America,Sandy,6.554510299901354,4.719481929175516,927.7354279760602,25.273889071383284,Temperate,Low,Low,112,15.978418886758478,Rice
Europe,Clay,6.307952566606167,2.840468732813302,1234.7420279105486,11.276748798506738,Temperate,Medium,Low,168,13.338148456714316,Barley
Africa,Loam,7.3489885655481055,3.0869729031636584,846.1074255656608,13.03595445905765,Dry,High,High,161,12.808509342923825,Barley
South America,Loam,5.616550603121149,4.684650946778197,928.8405221392313,17.06418200107343,Continental,Medium,High,179,15.091408349890408,Barley
South America,Loam,5.671588569798979,1.3637417996521646,1043.3937725362641,12.39866959552674,Tropical,Medium,High,141,12.50160537477912,Barley
South America,Sandy,5.5873218574260175,1.9465325258800354,1032.069636193395,21.598949972780165,Tropical,High,Medium,159,15.053956389488398,Soybean
South America,Loam,7.438882938264514,3.895956656942766,891.7988003348582,21.766744632678755,Dry,High,Medium,126,16.939473802200855,Wheat
North America,Clay,7.108748828275401,1.2633193734526151,979.7338320678348,20.188482865619616,Dry,High,Low,112,13.48517255339156,Soybean
Asia,Clay,7.390244897489774,2.130669442164636,818.6316675399485,15.317769741754951,Temperate,Low,Medium,179,10.601103493432102,Barley
Asia,Loam,6.443326365570321,3.286510773444662,934.279474268257,25.8939816389276,Tropical,Low,Low,123,15.14450200575116,Rice
Africa,Sandy,7.1409380327217065,3.337278927050836,859.6903627962879,16.013277221805104,Tropical,High,Low,108,12.298620579642737,Barley
North America,Clay,6.321865809925517,3.5168767720331684,1119.8109030957376,22.815992017336562,Dry,Medium,Low,140,15.66929732132626,Rice
North America,Clay,6.256695163365293,3.9989029871341732,816.597483762502,25.05137293418008,Temperate,Medium,Low,172,15.275340961018092,Soybean
Asia,Sandy,5.967249527297133,2.638243709050037,801.4725362847134,12.607265315006005,Continental,Medium,Medium,150,11.122453376070238,Barley
Europe,Loam,6.710142506875488,3.2395621273831416,403.1912193623874,20.19249242847636,Dry,High,Medium,178,11.271207301885768,Wheat
Asia,Clay,5.949118938537793,2.862022666109919,734.6614760284962,22.66505717336195,Tropical,Low,High,127,14.18796901758914,Corn
Asia,Loam,6.481388691853968,2.7544457437585748,901.7315608559682,18.776100710472683,Temperate,Medium,Medium,172,13.890879028433353,Wheat
South America,Clay,5.707025894012262,1.4296573017448875,878.5866921842836,22.471277114403037,Dry,Medium,Low,106,12.57809244158358,Soybean
South America,Sandy,5.518620581524708,2.7695749629927744,650.9664459365299,19.47516146218188,Tropical,Medium,Low,99,12.119436009523078,Soybean
Europe,Loam,7.007361031085981,4.872448945624466,626.4330532141161,22.534015468797527,Dry,Low,High,167,14.388670436365052,Corn
North America,Loam,6.38044345251233,4.332838751831206,853.4463901697526,17.469826477654465,Dry,High,Medium,175,14.30293829943891,Barley
North America,Clay,6.012584750738435,1.7616539840996408,713.2253074041622,28.610775489040975,Dry,Medium,Low,159,13.898632132837772,Soybean
Asia,Sandy,7.027206134176027,4.970390874326641,318.9860900179581,15.956692480221466,Temperate,Medium,High,122,13.303068106396315,Barley
Europe,Clay,7.2132246724498525,4.7106981659980764,1060.667373240678,20.55160681555844,Tropical,High,Low,138,16.04544007300399,Soybean
Europe,Sandy,6.778772842908196,1.5161456355576997,840.4560815242438,8.652510677512952,Tropical,Low,Medium,149,8.706291811010516,Barley
South America,Sandy,7.07858130935421,1.1248542413549902,696.266656075758,24.266007725257772,Tropical,Low,Medium,135,13.212680240450991,Soybean
North America,Loam,5.73984371785426,2.2829323693786923,735.4102343321704,20.390600347980495,Continental,Medium,Low,162,12.293388230862613,Wheat
South America,Sandy,6.98566255293138,3.6463642638370617,914.9716991364805,17.320599478546423,Temperate,Low,Low,120,12.84213470142465,Barley
Europe,Loam,7.159391368834128,2.3992134180463176,539.4310472950509,20.14717828784054,Tropical,High,Low,106,11.081572283719982,Wheat
Africa,Loam,7.054665028164386,3.226728210727014,1105.8981693777218,25.20925305159881,Temperate,High,Low,135,16.67124673778622,Rice
Africa,Clay,6.911980805923987,1.9367962391523608,681.2476887197331,22.77566122525105,Tropical,High,Medium,117,13.173510964361974,Soybean
Europe,Loam,7.2112873282898935,3.05867809620731,657.7390333640674,22.382443815826843,Tropical,Medium,Low,169,13.096469435975907,Wheat
South America,Loam,6.6776205403124465,1.3568886722289544,934.5039396682041,7.8234383410855575,Temperate,Medium,Low,143,8.94714374275433,Barley
Asia,Sandy,7.289738401411039,1.0968241776901193,505.86780861257654,24.028142533518505,Dry,Medium,Medium,96,11.860729435288798,Soybean
South America,Sandy,5.9998034432737795,1.2624030597801181,806.875061805292,21.5682018370391,Dry,High,Low,101,12.847775594657215,Soybean
Africa,Loam,6.39337744348933,2.0165891205112576,508.6824053481273,29.32922276142635,Continental,High,High,110,15.998399343016194,Corn
North America,Loam,5.876031434392578,3.6125469331674216,574.4390258525559,14.939612786351145,Tropical,Low,Medium,140,12.091940620437287,Barley
Africa,Loam,6.072448614479988,2.840410506230752,1048.6811594374324,26.140151048040675,Tropical,High,Medium,147,17.07845392484946,Rice
Africa,Sandy,5.768404852652701,3.5790269063603715,843.5159072685924,16.822294505922216,Tropical,Low,Low,111,12.23165066752072,Barley
North America,Loam,5.89021764004842,4.570445312176588,869.955303846152,18.260476969702147,Tropical,Low,High,127,15.475042297532234,Corn
South America,Loam,6.234555402561418,4.6552580904997765,854.9825421575014,19.2856670732901,Tropical,Low,Medium,103,13.740263078188935,Wheat
South America,Sandy,6.896347721429811,2.1656605547041945,867.817832160957,21.702690286862115,Tropical,Medium,Low,158,11.833501130843135,Soybean
Africa,Clay,6.185933039400156,1.5529822625362284,862.5992609069657,19.240163088419806,Continental,Medium,Low,117,12.357502950425388,Soybean
North America,Loam,7.415660434950553,4.535048061832128,835.0906797257003,21.058135480166754,Tropical,Low,Low,160,14.003470356383744,Wheat
Africa,Loam,6.58575626472161,4.331574379548918,621.296981496144,23.22945210137946,Temperate,Medium,Low,122,13.491057665756259,Wheat
Europe,Sandy,6.15388420050939,3.4267572927915433,776.8607034168665,23.037828135606883,Temperate,Medium,Medium,122,14.557630737374135,Soybean
Africa,Loam,6.070488684613533,1.956844352136875,672.6432170134568,25.904949526528362,Continental,High,Medium,162,14.70181370625388,Wheat
North America,Loam,6.209691446861316,3.450737378698429,1134.688377124597,22.208733681887786,Temperate,Low,Medium,113,15.775878893493374,Rice
Africa,Loam,6.902586684176768,4.156162416808188,1030.5464782504669,26.199684036442953,Tropical,High,Medium,173,18.137927989099758,Rice
Asia,Sandy,6.335814967590819,3.9936253776201514,865.0533052876448,22.243362325960746,Tropical,Low,Low,159,13.40547318341171,Soybean
South America,Clay,6.823939678901269,2.859419123253083,750.576441266472,19.38431782323866,Continental,High,High,126,14.657002985895595,Corn
Africa,Sandy,7.1430711557793725,1.1142836708960417,881.7502697740584,12.58987213992439,Tropical,High,Low,126,10.246117704636955,Barley
Africa,Loam,7.402792744968831,3.489266548994207,681.5518310374371,17.77466369602201,Continental,Low,Medium,122,12.459384395964014,Barley
Asia,Clay,6.968544061061431,2.484424364398156,1261.0327717508283,18.948961490034268,Continental,High,Low,111,15.973077006491401,Soybean
Asia,Sandy,5.595677625014078,4.40068778082019,878.5827021096433,23.30579510262415,Dry,Low,Low,138,14.863769398068216,Soybean
Asia,Sandy,6.969701040999202,2.2183014651542736,538.2011770249868,16.938195021018803,Dry,Medium,Low,172,10.200580938610257,Barley
Europe,Loam,7.261762847549473,4.2229875687124805,552.6002197275875,22.17866161109009,Temperate,Low,Low,167,13.073883257136496,Wheat
North America,Sandy,6.7770874548038265,1.202387414706327,687.3037038817115,19.834223334750035,Dry,Low,Medium,153,10.833126280533612,Soybean
North America,Loam,6.380869141312092,4.6047104928694225,854.6076216332494,23.95360509270203,Tropical,Low,Medium,128,16.095687093858817,Wheat
North America,Sandy,6.746628867518115,1.2253331111969592,777.8417048624449,18.54255289373324,Tropical,Medium,Medium,143,11.6652111044822,Soybean
Africa,Sandy,6.870881044742583,4.11602157569615,715.6491056781206,19.77362596266158,Temperate,Low,High,139,13.780952296811543,Corn
Africa,Loam,5.879705320541938,1.4406884810145324,901.9807797230544,22.582397401910985,Temperate,High,Low,130,13.25978964342081,Rice
Africa,Sandy,6.952993492674845,4.343132283418405,821.8681152681818,19.550944132132233,Tropical,Medium,Low,126,13.96553928540496,Soybean
Africa,Sandy,6.535259656795935,3.3115083257636364,814.9019187653545,25.12816056936291,Continental,Low,High,120,14.835362666765732,Corn
Europe,Loam,6.464847203189458,1.374629810429898,840.4330755415785,31.605019980309024,Continental,High,High,171,17.58511424097851,Corn
North America,Loam,5.78304240489992,4.529880779772542,1121.2854195864516,22.342778845295026,Tropical,Medium,Low,132,16.52565066287538,Rice
North America,Sandy,5.5983216583100965,1.1242275041406224,890.5512704153389,13.3171574984254,Temperate,Low,Low,136,10.015614283796305,Barley
South America,Clay,6.374344099120354,2.1178777649185943,745.7448800304326,16.806761803785236,Dry,High,High,163,13.09718253502628,Barley
Asia,Loam,6.425375663375654,4.225983784420981,791.9332179571912,28.431817388709604,Tropical,Medium,Low,175,16.05128637749526,Wheat
South America,Loam,6.627734063783533,3.065777367611286,967.3951745386478,18.230107533394616,Continental,Low,Medium,108,13.264701874346654,Wheat
South America,Sandy,6.698861084055244,1.6850936426649583,846.1221697532429,18.27611277320552,Continental,Medium,High,150,12.125534142098312,Corn
Asia,Clay,6.839367944926545,4.845529880574861,1341.6923169439585,24.039354572360985,Tropical,Low,Low,107,17.739455674988545,Rice
Africa,Loam,7.075861876875534,4.361601325957362,829.5511814800257,20.105867934389384,Dry,Low,Low,102,13.852348274734798,Wheat
Africa,Clay,7.294596991499477,3.07287326254371,1017.9809918181661,17.144080129579066,Tropical,Low,Low,155,11.98511835553317,Barley
South America,Loam,6.500595748787984,3.7156033689208297,976.786940024154,25.361085924244097,Continental,High,Medium,108,17.112014866661045,Rice
Africa,Sandy,6.038719401327075,4.202655766101245,603.0324543835252,22.842403859031354,Continental,Medium,High,158,15.592303931869589,Corn
South America,Loam,6.462376302950205,2.83800906628127,889.697090839288,29.00906972520381,Dry,Medium,Low,120,15.257927263091815,Wheat
Africa,Loam,6.762068351424098,4.812948715124931,685.8748663437437,21.01797548467653,Continental,Medium,Low,128,14.314364181584272,Wheat
North America,Clay,5.690113073665129,1.801876191065436,1147.9318746540212,23.55596226710788,Continental,High,High,93,15.786791953527839,Rice
Africa,Loam,6.266138739453013,4.476396274898914,1118.280073552561,24.38357093193058,Dry,Low,High,151,18.380833747245305,Rice
North America,Clay,6.488023341198611,1.4738468203779274,619.8323146593926,25.615265987632316,Continental,High,Low,125,13.156452476106264,Soybean
Europe,Clay,6.491307841766494,2.6844756177363265,665.2419788681048,24.787685816398838,Temperate,Low,High,144,14.154875030065961,Corn
North America,Loam,6.215682317283067,1.0338059842498422,724.5764252613104,17.238693739436957,Temperate,High,Medium,97,10.872963210723107,Barley
North America,Loam,6.807555845912312,2.548200047739548,1258.3822533637372,29.337310020806754,Tropical,High,Low,93,17.451251420600997,Rice
Asia,Loam,6.133204869654826,2.600621091461596,439.2064201170993,17.617242883903792,Temperate,Low,High,116,10.409407117025674,Barley
North America,Sandy,6.015391296378359,4.5397069873798666,782.58305477137,29.39937274710504,Temperate,High,High,140,19.214534226491438,Corn
South America,Sandy,6.964882918260899,2.728852750340094,952.2838584808395,22.899334195057726,Dry,Low,Low,96,14.338143781747789,Rice
Europe,Sandy,6.787152445479641,1.4323099746655532,534.9267232649956,7.0191178777767185,Continental,Low,Low,160,5.499835876773614,Barley
South America,Loam,7.1436029185084005,4.077002236966347,912.4847460262356,16.975466180359128,Dry,Low,High,168,14.665559528520884,Barley
Europe,Loam,6.450718135361737,2.4540578294770667,439.3192531545479,25.465614879409785,Dry,High,Low,99,12.21649405520843,Wheat
Europe,Sandy,5.842796624649505,1.3159223974649268,918.6857777697074,13.863985506708534,Continental,Low,Medium,127,11.255685079966064,Barley
North America,Clay,5.577183123876267,4.515524583651409,744.2582151560706,21.321352865309024,Dry,Medium,High,113,15.684132369192664,Corn
Africa,Sandy,7.290200058132489,4.930609645974277,583.6171262573735,19.61113649867792,Dry,Low,Medium,142,13.317861872794781,Soybean
North America,Loam,6.91836140758881,1.8013592843857693,962.115584066001,24.503538595209978,Temperate,High,High,116,15.943418805287996,Rice
Asia,Sandy,5.773964444619056,3.7474659749396397,508.77758070420634,25.043893387600068,Dry,Low,High,110,13.916264957786945,Corn
South America,Loam,6.019100866546165,2.1695640953909616,822.3883885398135,22.02589758445184,Temperate,Medium,Low,173,12.507347887194387,Wheat
North America,Sandy,7.142156723996482,1.369383355781729,1014.7114716065823,16.75631597659705,Tropical,Medium,Low,120,11.625269850920354,Barley
North America,Clay,6.854147425316896,4.088961103573107,552.0823974949943,23.039201693675043,Tropical,Medium,Low,155,13.127644554356218,Soybean
South America,Sandy,6.321009642696713,1.9203379674299002,967.9655669878467,22.014722867518017,Temperate,Medium,High,135,15.209035101936742,Rice
Asia,Sandy,6.206954950256757,3.5688385480107896,1078.4077503174183,20.55564687648256,Continental,Low,Low,178,14.35652393920423,Soybean
Asia,Loam,5.701505687919153,3.8300912759121712,816.8188776500393,17.83978092877613,Temperate,Medium,High,124,15.403896848708927,Barley
Europe,Loam,6.2952699714655065,2.345250910019822,994.6731904971228,23.119479715382884,Temperate,Low,High,157,14.594993535128674,Rice
South America,Clay,6.398246827860501,3.282658315923156,1028.9358691260377,9.61440073113063,Dry,High,Low,164,11.537489262721683,Barley
Asia,Sandy,6.610319459580309,3.9216650600789422,555.8976929459997,15.264114759759764,Temperate,Medium,Low,99,10.872887300131156,Barley
North America,Sandy,6.821454786218303,4.802425486319491,339.70565646600267,21.572254111453283,Continental,Low,Medium,159,12.473348689932367,Soybean
Asia,Clay,6.140372438808111,4.65377879390236,584.0531892137209,20.901085852536593,Temperate,Low,Medium,163,13.585413459185322,Soybean
Europe,Loam,7.321286031669091,4.849202996448959,532.5849784224324,22.476834419855486,Temperate,Medium,Medium,146,14.52328328825924,Wheat
Asia,Clay,7.447485164076987,3.6534504438259714,411.6282681241188,19.980979331646004,Temperate,Low,Medium,111,12.371721339216945,Soybean
Europe,Loam,5.715706529124619,2.049219725537758,632.206600321317,19.804376832233235,Continental,Medium,Low,150,11.184777235323251,Wheat
South America,Loam,7.081205929539511,1.5341723580222046,586.7622908126434,33.19654434581089,Temperate,Low,Medium,148,15.139855668228506,Wheat
North America,Clay,6.247877427207549,4.803765407463337,780.3380305091248,24.83020399028681,Continental,Medium,Low,159,16.372426006565558,Soybean
North America,Loam,5.893517555343311,4.582611678332707,953.099661727784,14.256616839632043,Dry,High,Low,121,13.433279169694345,Barley
Asia,Clay,6.460180284480093,2.9656290537306735,901.9378462449313,23.67342559819131,Continental,Medium,High,130,16.891148222165672,Rice
Europe,Loam,6.3724288342400905,1.779175210575707,827.0380681974772,18.3688314777932,Temperate,High,Medium,157,12.307166860420608,Wheat
North America,Loam,5.503624067738503,1.8952723442257153,912.6357395768902,17.989976918306397,Dry,Low,Medium,99,12.637002920631312,Barley
South America,Sandy,6.229636192615714,4.493565831636877,806.8018509722156,23.67860655509444,Continental,High,Low,106,15.379061491872708,Soybean
Asia,Sandy,6.8671848504437385,1.0113686146558898,872.6574552687977,23.194252171010064,Temperate,Low,Low,122,13.031557181668543,Soybean
Asia,Sandy,7.393685103335032,2.870355793995067,728.9177218451453,27.436405126116135,Tropical,Medium,Low,99,14.277446527651987,Soybean
Asia,Loam,5.885163264917056,1.3904750421405958,1074.6811884700508,23.06587000945784,Temperate,High,Low,124,14.598281716824204,Rice
Europe,Clay,6.148501747703941,1.4441396920954381,856.024800483927,10.226595022006233,Dry,Low,Medium,121,9.485641435591715,Barley
South America,Clay,6.960827505763586,2.8130467335268925,756.050357527769,25.925098189762057,Temperate,High,Low,104,14.173064267947197,Soybean
Africa,Loam,7.081699355266358,4.212024121836006,777.8727001448842,17.673764736828645,Tropical,Low,Low,107,12.235705215620786,Barley
Asia,Sandy,6.495375919095544,2.9040828275204795,647.7139665802409,14.605260104544055,Continental,High,Low,101,10.62261387694679,Barley
South America,Loam,7.131331081629267,1.2508886856578352,707.3710936912933,32.21166403921611,Dry,Medium,High,167,15.643253172502599,Corn
Africa,Sandy,5.951526149750056,1.1005589030252567,796.8041114232171,14.088908849791558,Continental,Medium,High,108,11.291672641945901,Barley
Asia,Loam,6.886419084437735,1.2836647657542781,900.2342528977337,20.055476101597897,Dry,Low,Low,158,12.171578701147949,Wheat
Asia,Loam,5.980525168997863,1.4987897884944128,815.5590295990063,29.609131945370933,Tropical,Medium,Medium,90,14.016205160370102,Wheat
South America,Clay,6.7329217564575945,4.9436906358800705,948.8715576412551,23.273983993254916,Temperate,High,High,115,18.22272637820423,Rice
Asia,Loam,6.489965589424922,1.52372500850711,726.1362459683622,23.08211052407367,Dry,High,Low,113,12.986861017226461,Wheat
Europe,Clay,7.30619501409862,4.4569224090462285,772.0402161978501,20.60789500269691,Tropical,Medium,Low,151,13.969382474843108,Soybean
Africa,Sandy,6.472744201650295,2.850477087734918,548.8401117642792,23.48068120984784,Temperate,Medium,Low,146,12.539152580663512,Soybean
Asia,Loam,5.696115697124915,2.7452056953320705,923.6176032414864,21.920977460515303,Continental,Low,High,105,14.199829484362532,Corn
North America,Loam,5.966792538916254,2.8134824224166293,844.1795312162775,18.5604696156604,Tropical,Low,Low,174,12.162343810870514,Wheat
South America,Clay,5.726199478847645,1.6253257535713543,903.4460100554774,26.334236202835623,Continental,Medium,Low,141,14.668752956645998,Rice
Asia,Loam,6.651002036938118,2.69375521959917,1116.9532468119714,17.478509920936883,Temperate,Medium,Medium,107,13.979411439712447,Barley
Africa,Sandy,6.483028451663653,4.902109316083607,710.4805618967173,23.259419739684837,Continental,High,High,153,16.82110759872306,Corn
Africa,Clay,6.908208721543273,3.358916144305863,431.76364440068244,24.59015734339993,Continental,High,High,113,15.066531875286142,Corn
Africa,Sandy,6.408965465910713,1.8371510461204794,1017.9073166153281,31.827038859999867,Temperate,Medium,High,96,17.755681375225823,Rice
South America,Clay,5.831974443207753,3.983569060261929,775.3162285903709,18.328856106840323,Dry,Low,High,158,14.418473112690366,Corn
South America,Clay,6.036679582549315,3.7918871636944544,1079.7024710903424,18.002999819197267,Continental,Medium,High,166,15.45274021155839,Corn
North America,Sandy,6.955412740121934,3.677028370318593,721.277683593398,17.166591224734873,Continental,Low,Medium,168,11.972577768749968,Barley
North America,Sandy,6.022656791881804,4.939831878503324,912.5191896856804,12.303140069192805,Tropical,Low,Low,137,12.334030182544655,Barley
Europe,Loam,7.413629341181755,2.319899581161106,731.1045582495094,13.653544473784478,Dry,High,Low,176,11.375584184739248,Barley
Africa,Loam,6.540361473133519,2.1797245432154573,718.7817742216872,12.056559348112051,Continental,Low,Medium,95,9.885069110431614,Barley
Asia,Clay,6.480008501528687,1.441637990706905,896.1491655112584,18.29053311945995,Tropical,Medium,Low,113,11.07645876832149,Soybean
South America,Sandy,7.3822711697008945,4.46990809398389,817.9044101521303,20.336017263551057,Dry,Low,High,90,14.641096913533422,Corn
Europe,Loam,6.830240356227232,3.7634140173592536,842.1630155918382,23.44590237823443,Continental,High,High,95,16.843059103082076,Corn
Africa,Sandy,5.596791763891531,1.5940696970284698,1026.8495141747755,19.239297833016145,Tropical,Medium,Low,146,11.819568682014337,Soybean
Africa,Sandy,6.574833877199614,1.0900173097147459,775.7938476643577,18.753151874137593,Dry,Medium,High,162,11.795407323192563,Corn
North America,Sandy,6.5826707654025345,2.2955822103215167,1086.8619338704152,21.423772966927842,Dry,Low,Low,150,14.124628228886237,Soybean
South America,Sandy,7.131710511491381,4.210258137394496,1047.1321290767487,11.47648686423094,Temperate,Medium,High,112,14.537675551673441,Barley
South America,Sandy,6.326388957605595,2.6224775610217694,850.863125310742,16.49124778934607,Continental,High,Low,169,12.37332101236949,Barley
North America,Loam,6.867686061290723,4.168178364195844,663.9011904471904,22.35054604597847,Tropical,Low,Low,132,13.318499466873444,Wheat
Africa,Clay,6.286340869128528,2.551057314118999,457.8793291126972,18.034548996492692,Continental,Low,Low,93,9.421648078828557,Soybean
Asia,Sandy,5.623086068269673,2.079894547421848,624.6741596221038,17.56321317008017,Temperate,High,Low,172,10.54351854981647,Barley
North America,Sandy,7.051953699630484,4.190169915946639,728.1703015387415,21.51077158409432,Continental,High,Low,104,14.90032997897729,Soybean
North America,Clay,6.559289054070267,2.391080390417751,889.2898397633461,21.486136107925432,Continental,High,Low,154,14.638782764403327,Soybean
North America,Loam,7.258793986611769,2.950875473261478,940.0338592332197,22.73780173310507,Temperate,Low,High,111,14.83377265501481,Rice
Europe,Clay,6.643273235948265,4.6115065882519835,964.4132156065054,15.94633373483439,Continental,Low,High,167,13.890195640180565,Barley
South America,Clay,7.189043062627309,3.3294298202558634,646.2454416330519,21.39178399139591,Dry,Low,High,92,13.050232808265715,Corn
South America,Clay,5.5695983997367,2.636998295141589,942.8472965387857,14.50541872635903,Dry,High,Medium,124,13.319174114278164,Barley
North America,Loam,7.154316296855247,2.70000965649279,1107.8284691621302,27.861991051351637,Dry,Medium,High,93,18.189011392572038,Rice
Asia,Sandy,5.893907260417443,2.651033281109574,459.12665834074687,15.44837829035858,Continental,High,Low,133,10.39855602786404,Barley
Asia,Clay,6.47026381542867,4.8951220039157155,904.3887929317575,19.39438379720117,Tropical,Low,High,108,15.755172248885305,Corn
Asia,Loam,5.6272179923530015,1.8843154947737677,691.2786207813895,19.53725073955229,Temperate,Low,High,136,12.340015519330407,Corn
South America,Loam,6.68788124188681,1.5936067859448615,799.7694667423855,13.545325615947146,Temperate,High,High,108,11.594853233852827,Barley
Europe,Clay,5.876117132958151,2.7120774097585754,892.3036092756226,19.595375233590982,Temperate,High,Medium,129,14.249466072892375,Soybean
Europe,Clay,6.678941606186494,2.8846902375125674,888.6795901272113,20.50655141610626,Dry,Medium,Medium,170,13.642906606009795,Soybean
South America,Sandy,6.775405702083858,3.0243323829620437,649.0267606856158,14.582424464950947,Tropical,High,High,137,12.869775634842787,Barley
Africa,Loam,7.266699402044208,2.982868040313102,1186.6719495428715,21.283753993308938,Temperate,High,High,170,17.78274427889816,Corn
South America,Sandy,6.8146376503125445,2.698716049673834,1010.4213644949272,14.436891575835578,Temperate,High,Low,161,12.864194846085358,Barley
Asia,Sandy,6.33751798096531,2.7273747692481187,1138.3669675049168,27.726188563818432,Dry,Medium,Medium,91,18.173207503915837,Rice
Africa,Loam,6.002860304374927,1.694288576605759,922.8636680323958,13.777567750555672,Tropical,High,High,143,12.827933133476543,Barley
Asia,Loam,5.539221064948507,3.685472035587183,791.7417276430677,12.627486564758822,Continental,Medium,High,120,12.981395094916927,Barley
Africa,Sandy,6.5705054692586184,3.819182399701182,919.1862694078333,17.229661012855452,Temperate,Low,Low,105,12.814458612340559,Barley
Asia,Sandy,7.21577837049248,2.235443596945853,619.7260570315509,17.966656404807782,Tropical,Medium,Medium,118,11.032776466320348,Barley
Africa,Clay,7.429245711234036,3.036890153308312,1312.1005918711367,18.390275284140905,Dry,High,Low,141,15.11459268739329,Soybean
South America,Clay,7.027230597923314,2.033057431548654,786.5445070172931,14.626694802835685,Continental,High,Medium,139,12.543485115723911,Barley
South America,Clay,7.191489756651526,2.385064203151722,865.7172415861219,17.85182510736246,Temperate,Low,Low,122,10.941630469465052,Barley
Europe,Sandy,6.102976830708719,4.872083844910513,927.5997258136492,13.405716120783254,Dry,High,High,176,14.873488277946105,Barley
North America,Sandy,6.81083139360571,1.0330611917834336,940.5066627867711,16.688993164378136,Tropical,Medium,Low,107,11.098678293825799,Barley
Africa,Loam,5.598317047242855,3.293998339740864,954.0044974261416,20.771721163211705,Continental,High,Low,123,14.539863857456185,Wheat
Asia,Clay,5.589762032945436,4.680455253290515,804.7152488861022,16.22978754166226,Tropical,High,Medium,175,15.40893056132435,Barley
Africa,Loam,5.628981360911693,3.297174158834294,741.8370774584826,18.088290295121734,Tropical,Low,Medium,160,12.890916831151415,Wheat
South America,Clay,6.798161204037768,2.400946457308307,701.1301035643735,27.801277647654654,Dry,Medium,Low,124,13.290989521523466,Soybean
Africa,Loam,6.247132572078161,1.8572002892915145,744.6221288462393,16.641396053709613,Temperate,Low,High,178,11.690071665787004,Barley
South America,Clay,5.699327844153552,2.089868736132384,788.4098916474564,14.643458361645127,Continental,Medium,Medium,123,11.868394702579367,Barley
North America,Loam,7.384467438982332,3.1089039130019334,667.6204567626404,20.020996886646145,Continental,High,Low,165,13.188897305153066,Wheat
North America,Clay,6.607456462796723,4.945656073931556,753.2551884296549,26.73285831305148,Dry,High,Medium,91,18.26449345479208,Soybean
Asia,Clay,6.9699659432597905,1.4419345118722595,814.4564860464293,21.651565273159413,Dry,Low,Low,178,11.775042480843487,Soybean
Europe,Clay,5.746927147461472,4.92020777190594,713.8364795223608,14.215293013852644,Dry,Low,Medium,101,12.731188849437304,Barley
Africa,Loam,7.09389551115045,1.2515704898099473,710.0808395178238,18.125123762860433,Temperate,Medium,High,97,11.203487719126057,Corn
South America,Sandy,5.930241194092082,4.301511911475886,613.5257513636026,16.974385966971933,Dry,Medium,Medium,102,13.302417063571374,Barley
South America,Clay,6.145367414155641,3.579625295459668,418.18872992977305,23.847825718905035,Continental,Low,Medium,94,12.5920274904302,Soybean
South America,Loam,7.050321857057874,4.214540588614774,572.3165189927552,21.928284766184948,Dry,High,Low,98,13.877336176375909,Wheat
North America,Loam,6.3592054868970935,3.2172903923346214,723.1225246814158,18.97116503161414,Tropical,Low,High,175,12.880424932538387,Corn
Africa,Loam,6.8930143669537784,2.504167164436626,1094.1981524053558,18.700080373736473,Tropical,Low,Medium,133,13.898562737552881,Wheat
Asia,Sandy,6.617458887049078,3.49976910042958,1076.9139382098772,25.47940876736871,Tropical,High,Low,152,16.19591504430471,Rice
Europe,Sandy,6.618371759959697,3.1285309583294096,811.2838906547609,24.158916367006178,Continental,Medium,Low,109,14.53095954211254,Soybean
Europe,Loam,5.667795921257818,1.2091054890888229,624.5031955688737,12.964564026079916,Tropical,High,Low,102,9.053034828571517,Barley
Europe,Clay,5.725716329887394,3.1340857239239353,755.2259731012767,25.118831162988904,Temperate,High,High,172,16.638357903510588,Corn
Asia,Loam,5.5829986087714225,2.126038483089502,619.2239174752809,18.409870847927156,Tropical,Medium,Medium,115,12.150539757482212,Wheat
South America,Clay,5.923433556923931,1.5811440389831466,713.3220866627694,22.37021155756103,Tropical,Medium,Medium,97,13.190621840307198,Soybean
Africa,Clay,6.642640030866206,4.81249845003186,783.2196273463406,18.0815787246186,Temperate,Medium,Low,123,13.586472630360293,Soybean
North America,Clay,7.383266362970406,3.8445180720123595,892.5924721411565,15.311505567279939,Temperate,Medium,High,135,13.4483090927562,Barley
North America,Loam,6.428663489590305,2.0135924302374906,820.2455455669789,7.6068094043603836,Dry,Low,High,102,9.397944700121387,Barley
Asia,Sandy,7.172158550333677,3.8737891252096643,922.343914736344,21.526498945951108,Dry,Low,Low,101,13.793923332182414,Soybean
Europe,Sandy,7.009880400316658,2.3174140969998187,393.0636654610655,18.186985831601525,Tropical,High,Medium,94,11.580047337023263,Soybean
South America,Loam,6.526439951655638,4.488424254986324,871.2975777549552,29.48943646329353,Tropical,Medium,Low,149,17.237151962545013,Wheat
Europe,Loam,7.084006252260392,2.2972546555023223,1037.2922074660648,10.542880540750467,Continental,High,Medium,131,11.724721669509751,Barley
Europe,Sandy,6.90870591294426,4.211062685848152,580.5860322410698,11.302165123690093,Tropical,Medium,Low,136,10.13673869304376,Barley
North America,Sandy,6.001163153188386,2.5909159024908894,944.6160066952929,30.278606648491255,Dry,Medium,High,128,17.76239596474327,Rice
Africa,Loam,5.989232548104532,3.984523912954569,972.7142718271624,20.698258371079483,Temperate,High,Medium,112,16.0931803164177,Wheat
South America,Clay,6.46254790365521,3.4694170039522683,545.9275907349828,25.7734688335836,Temperate,Low,High,149,15.92673400261036,Corn
Asia,Clay,5.625942817467401,4.336540953641537,968.2521372654423,21.369565644895058,Tropical,Medium,High,131,15.377100492810529,Corn
South America,Clay,5.9209234953664245,2.2730199891176834,1014.3728059988316,13.490937032739811,Temperate,Low,Low,126,10.459386563145006,Barley
North America,Clay,5.844388534851508,2.083852831484878,827.791717856344,21.59186469757333,Continental,Low,High,142,13.927726052676286,Corn
South America,Loam,5.899745949298888,1.9274384555313935,762.3794248909896,18.236575505022092,Temperate,Low,Medium,140,11.427097270991554,Wheat
Asia,Sandy,5.686574769443937,3.9551121156743907,717.464095810285,22.183662777824175,Temperate,High,Low,141,14.607112586679687,Soybean
North America,Clay,6.3087288599622955,1.6478687376117613,806.965317378908,25.350609642632996,Tropical,Medium,High,156,15.46797610339819,Corn
South America,Clay,6.13630437160832,2.8056920144198814,930.5683068642314,26.26775083248684,Tropical,Medium,Low,159,16.13088570537244,Rice
Africa,Clay,6.4028153408671376,3.005789679366691,972.3449280100933,17.21492265920935,Temperate,High,Low,100,13.301688849649064,Barley
Europe,Sandy,5.611345629907952,4.1900696267835436,973.7350542678354,16.125682568810078,Temperate,High,High,129,15.91922848225193,Barley
South America,Loam,7.182089965025121,3.053991845367429,752.1283379874501,19.78905541915211,Continental,High,Low,117,13.572270432071766,Wheat
South America,Sandy,6.303679371379841,3.867901094214193,796.8873822259412,26.309282682604348,Temperate,Low,Low,118,15.036768798768236,Soybean
North America,Clay,6.369314636102168,2.323179979124173,965.7278758849752,16.26863489184448,Continental,Medium,High,169,13.932702787489152,Barley
Africa,Sandy,7.016817281599409,1.8996238822072895,935.270852949764,23.42451928249783,Continental,Medium,Medium,167,13.982367026100233,Rice
Africa,Sandy,7.1316410465259334,4.739195878693998,1061.755687752867,20.269153943568355,Continental,Low,High,125,17.291980403567926,Corn
Asia,Loam,6.647306405977514,2.779221980235127,1121.3147716149379,19.827460779076443,Continental,Medium,Low,146,14.525578398292597,Wheat
Africa,Sandy,7.193068986246811,3.02066284609093,792.6839920246308,11.310976920767503,Temperate,Medium,High,151,11.567069966514445,Barley
South America,Clay,6.925543587033809,3.220022689337944,679.7399070976535,15.771668536420906,Tropical,High,High,131,12.564480212567627,Barley
South America,Sandy,5.999752420330955,3.4648695851765567,769.58734366775,22.36044175315316,Dry,High,Low,105,13.73202756033032,Soybean
North America,Clay,7.119348516176147,3.782710652861356,1188.7057762244394,16.914608953947813,Tropical,Medium,High,122,15.488985690519412,Barley
North America,Loam,7.452027851197588,2.2424038855813184,912.4478119516532,13.882164072624946,Tropical,Low,Low,132,10.756052888075358,Barley
Europe,Sandy,7.2597040960774315,2.2986450687407762,1194.46889581644,23.034070015433436,Continental,High,Medium,105,15.796948784744359,Rice
North America,Loam,5.825304436379801,4.417383931130862,906.333119187719,22.282999243492508,Temperate,High,High,138,17.183782346791627,Rice
Europe,Clay,7.082705447304669,3.3254662288182995,778.510185448764,26.94332260051241,Tropical,High,Medium,137,16.507109646707416,Soybean
Asia,Loam,6.3188958752546185,4.505255879662036,963.2443745114384,14.707158608717386,Continental,Low,High,152,13.39507046516607,Barley
Asia,Loam,5.641009911136514,3.32015395160369,1035.9977059379573,13.84973486293768,Continental,High,High,176,15.121086916051786,Barley
Europe,Loam,5.5451393931468855,3.74770966709721,620.6667011333236,4.844030837549555,Continental,Medium,High,92,8.657638735009952,Barley
Asia,Sandy,6.6932610647142825,1.3474516319447312,907.9529025656684,18.689409207199812,Temperate,Medium,Medium,143,12.464888128210871,Soybean
Europe,Sandy,6.696364891084005,2.0576171917185815,645.4915776315528,19.710180001658486,Tropical,Medium,High,95,13.190236170197995,Corn
Asia,Loam,6.36479272037018,4.314668574134376,806.6433126026295,23.881142523620532,Continental,Low,Low,171,14.407327456931192,Wheat
South America,Loam,6.092696153761161,3.902272990239793,595.5727512252754,14.716452758183877,Dry,Low,Low,137,10.39140768235614,Barley
Asia,Loam,7.4411466652547205,3.8642522136782325,752.9540012137423,16.97160000032101,Temperate,High,Medium,142,13.731630591767358,Barley
South America,Sandy,5.645094025973304,3.6928169840632377,404.9723468673224,15.774980748761394,Continental,Medium,Medium,120,11.195702064421626,Barley
Asia,Clay,6.017363547602857,3.8622513093289297,967.5740835335579,11.22743711055541,Temperate,Low,Low,134,10.189905681686524,Barley
South America,Sandy,5.741999535024133,1.6748065712149827,1028.8526332234221,15.344647118550782,Tropical,Low,High,149,12.308104649211854,Barley
North America,Clay,6.092127681425172,3.84169886554712,737.5856135894534,31.352472801306103,Tropical,Low,High,134,17.693944776710516,Corn
South America,Loam,7.412039420973134,1.858940500486253,245.2370120132167,19.101901392971833,Temperate,Low,Low,171,8.758742963872532,Wheat
Asia,Sandy,7.145035603996697,1.8749612924163723,812.719256508859,17.83907091475138,Temperate,High,Low,173,11.51905141172386,Barley
Asia,Sandy,6.481294998681454,4.864399490925928,658.8663328548239,15.944463348755999,Continental,Medium,Low,153,12.19668039750926,Barley
South America,Sandy,7.427887468537887,1.6227008510569507,844.0227746602905,26.666214943529067,Continental,Medium,Low,118,13.60404129936107,Soybean
North America,Loam,6.705051780250507,1.2852919576512574,1126.9333105039743,24.98509855790885,Continental,Low,High,172,15.318829946797349,Rice
South America,Clay,5.731350447296233,4.7850579720123285,612.3985151936499,23.049400235952096,Temperate,High,Low,107,14.784895792677059,Soybean
Asia,Clay,6.673640890147127,4.331116284093179,1185.7687928043513,20.232642329668543,Temperate,Medium,Low,97,15.204630143596663,Soybean
North America,Clay,6.122750884326642,4.487191084098651,899.3168381671217,19.814168393951345,Tropical,Medium,Medium,144,15.943212078788292,Soybean
Asia,Sandy,6.004538179201692,1.626589513454534,642.4352504507123,22.451380328333766,Dry,Medium,Medium,151,12.730364103920358,Soybean
Europe,Loam,6.521478659012434,2.8200617538577912,455.7844958079061,16.44070347747115,Tropical,Low,Medium,113,10.202130158443918,Barley
Africa,Clay,6.25099724404144,2.9910262544275854,502.0937293239406,16.76076975796953,Temperate,Medium,Medium,151,11.253258728070081,Barley
Africa,Clay,5.545208878718453,1.9753709198644214,978.0351085440949,25.32438097113655,Temperate,High,Low,128,14.837629449119952,Rice
Asia,Sandy,7.377499776559666,3.889244673294831,884.2639588464872,24.038867156458917,Tropical,Low,High,128,15.421880012060189,Corn
North America,Sandy,6.354265062096783,1.9341672077054732,685.6104718830246,26.78509711409149,Tropical,Low,High,157,14.651203221899333,Corn
Africa,Loam,6.072361741595815,1.7956672549488988,861.1331137285192,16.343727155935216,Continental,Low,Medium,92,11.537642055819349,Barley
Asia,Loam,5.824471096281155,2.6653979951857267,949.9574823813468,20.087787749649124,Continental,Low,Medium,124,13.253819403729024,Wheat
Europe,Sandy,7.408803019662132,2.914334929731094,1018.7380877698623,35.46714765335453,Dry,Low,Low,168,19.426258752593792,Rice
Asia,Sandy,6.300711188539917,4.481583632902808,968.8911744143331,19.267536427107796,Continental,High,Medium,92,16.14740011017621,Soybean
Europe,Clay,6.410636820123857,3.7922973539145954,993.0653334322253,23.521681049270395,Tropical,Medium,Medium,166,15.883226748781997,Rice
South America,Clay,6.5166233885533895,1.0959017895061267,1173.023953371028,9.65812142284484,Dry,Medium,High,103,11.6839752647793,Barley
South America,Sandy,6.266202867181169,4.342282839858242,600.5543425122448,14.704814389939513,Dry,Medium,Medium,124,11.161605091255055,Barley
Asia,Clay,5.729012392937963,2.603380942613916,563.8328166015729,20.26943710945511,Tropical,Medium,High,122,13.451938497478553,Corn
Africa,Loam,6.609819667650818,1.752164370355143,389.8400288011704,16.588444638964347,Dry,Low,Medium,98,8.637328283971858,Barley
Asia,Sandy,5.83941047831049,3.873840713292667,1170.0094660101404,16.49355214604225,Temperate,Low,Medium,103,14.259278132174364,Barley
Africa,Sandy,6.1736382219349135,3.218796706333263,657.7926459089698,17.47542578852886,Temperate,Medium,Low,115,11.48967943094332,Barley
South America,Loam,6.953171531652907,3.0402409141765747,760.7813578646125,18.748588334404,Dry,High,Medium,162,14.254021712287047,Wheat
North America,Clay,6.875925680237418,4.169826676557053,573.7188779729925,24.436911820705667,Dry,Medium,High,166,14.865636263100875,Corn
Asia,Loam,7.350529283313929,1.587586275511117,1049.2822602091508,21.66359664792594,Continental,Medium,High,101,14.348985311593825,Corn
Europe,Loam,6.453675549716143,4.290545086228882,636.2613151547719,24.488934558448925,Temperate,High,High,123,16.310665493517902,Corn
North America,Loam,6.28557129265741,3.7825630137816324,552.8593955901182,12.268610405092938,Dry,Medium,Medium,139,11.433023129076556,Barley
South America,Sandy,6.669152945503014,1.1524729807539664,817.6270542294045,19.29427493256855,Continental,Low,High,98,13.653561957688206,Corn
Europe,Sandy,6.851623271485466,3.2395326623079352,903.9742036203822,18.267077091905904,Tropical,High,High,163,14.950796584392565,Corn
North America,Loam,5.72621151300344,4.313094259263954,804.3777642329669,21.584760034920578,Dry,Medium,Low,161,14.328495136886554,Wheat
Africa,Loam,6.797291318124126,3.886215530373845,703.7330345519013,11.072263505590762,Dry,Low,High,174,11.456103478427911,Barley
North America,Sandy,6.22877262027957,1.0484990003509793,422.0062402175303,26.93676181005864,Continental,High,Medium,168,13.240320383940881,Soybean
North America,Loam,6.313618582713699,4.391886773250361,617.6980062646256,16.816024492252215,Temperate,Medium,Medium,144,13.120860204956438,Barley
North America,Sandy,6.462765423496855,1.3141087437662913,1014.6041989607245,21.09305743267353,Temperate,High,Low,161,12.984593821969705,Soybean
Africa,Sandy,6.170184868536685,1.138015505993304,711.1966045778125,24.183178739506562,Tropical,Low,Low,102,12.385968174237288,Soybean
North America,Clay,6.02324961258366,2.985214413945906,556.5116188761266,21.479953633249348,Temperate,Low,High,147,13.477380631504278,Corn
Europe,Clay,7.107769417470507,1.736164139285787,972.3947670538946,23.605597604379263,Temperate,High,Medium,176,15.292361478621821,Rice
Africa,Clay,5.700482740535183,3.8710421792649234,995.2747345958967,24.65437255968622,Continental,Medium,High,98,17.70491440628077,Rice
Africa,Sandy,6.1870632229965885,4.85393711462469,727.2760885734057,23.532394520016904,Dry,Medium,High,146,16.506333673120384,Corn
South America,Clay,6.443080253176331,1.5993525367518724,872.522012123036,17.34439530835539,Continental,High,Low,167,11.707434956675227,Barley
North America,Loam,6.77388402122126,1.9372203973487117,727.6552327813226,20.09202311709729,Temperate,Low,Low,105,11.013936121557608,Wheat
South America,Clay,6.635553912863756,4.926316119058377,657.1101781416403,25.233629671858683,Dry,Low,Low,171,14.76254511386744,Soybean
Africa,Loam,6.161774175387588,2.0791842315694566,603.5023754201441,14.996853137583797,Continental,Low,Medium,117,9.552367466426825,Barley
Asia,Clay,6.002615374284313,1.6648021472349819,594.1274620022725,27.875686605439558,Tropical,High,Medium,173,15.0419317816014,Soybean
Africa,Sandy,7.21497050747244,1.0007407811817712,612.3954186188685,23.350611794440375,Continental,High,Low,117,12.22358529940906,Soybean
South America,Sandy,6.173585222164213,3.271312444689264,689.7239333546927,15.470951883714399,Tropical,Medium,High,148,12.046916593770545,Barley
North America,Clay,6.658988365580522,3.660531440734902,752.2494795873131,15.318092407060456,Tropical,Medium,High,143,13.429681096512601,Barley
Europe,Loam,6.150265856800528,2.8844414199910156,758.483130971392,26.60658101401702,Temperate,High,High,118,16.809187518846535,Corn
Europe,Sandy,7.328889364112417,4.004588975805763,646.0421599568309,16.271204142329307,Tropical,High,High,172,14.097911725710608,Barley
Europe,Clay,7.355620123295393,2.330626399283566,867.0108703824343,22.82394552953824,Tropical,High,Low,100,13.437248424752413,Soybean
Africa,Sandy,7.3244592439992005,4.571183758359544,1165.2522834078186,16.55444101139105,Temperate,Medium,Medium,111,15.983385779073487,Barley
Europe,Sandy,6.189573857309073,4.574594596361923,859.8472923836882,23.712221193234782,Tropical,High,Medium,173,16.419470830954808,Soybean
Africa,Sandy,6.438579821874965,1.466411865715203,828.395982774801,24.546630240103365,Continental,Low,High,124,13.439276200252133,Corn
South America,Loam,6.3196953462367,3.09973633697387,981.9566690202325,19.55168039230183,Continental,Low,Low,123,12.723740019906552,Wheat
Asia,Loam,6.7170692865544765,3.811164085511384,691.7950457207943,16.9850703061092,Tropical,Low,Low,134,11.78483542520195,Barley
Africa,Clay,5.758008350046518,3.0925204516248974,749.5301923425508,16.801055545052336,Continental,Low,Medium,123,11.729792840780389,Barley
Europe,Clay,6.33223708886372,1.0676392530254684,782.6555501717,24.704504999568233,Temperate,Low,High,170,14.06470526532868,Corn
Asia,Loam,7.194024070778167,4.311648248596257,719.602701772773,14.683584951147532,Temperate,Low,High,152,13.751106239695941,Barley
Europe,Sandy,5.922570075139875,2.9300223655284534,928.9379606568466,7.113274885028284,Temperate,High,Medium,141,10.76552920560523,Barley
Europe,Loam,6.069712261921519,1.0969610360895587,1270.5170157914006,12.128353728835435,Dry,Medium,Low,167,11.772205763343704,Barley
North America,Sandy,6.937062636244492,1.2918733317027509,563.6041183449399,22.295900836674317,Continental,High,Medium,102,12.193000687839199,Soybean
Asia,Clay,6.420642780114797,1.1578078116907657,922.1022004718028,13.407909299368054,Continental,Medium,Low,93,10.615796209695628,Barley
Asia,Sandy,7.0596373512462876,4.13570111656755,885.164893835832,28.220483889262304,Temperate,High,Low,116,16.52663704160564,Soybean
Europe,Sandy,6.479863506489721,3.1550903444604645,636.3889358836891,2.9551663127468295,Temperate,High,High,105,8.7261038297566,Barley
Europe,Sandy,6.283333085757618,4.661907524873326,651.9535494902583,17.41256725837152,Tropical,High,Low,138,14.383212193884063,Barley
South America,Loam,5.954981781738125,2.902482457233036,720.1113436258548,19.840802716816306,Tropical,Medium,Medium,168,13.240551055453677,Wheat
Asia,Loam,6.27579705790346,2.503839638562655,1024.9839988387262,18.366931096693936,Continental,Medium,Medium,128,14.930761231682082,Wheat
South America,Loam,5.543295805174496,3.080078185158095,542.1856212741122,18.40832972291862,Dry,High,High,97,13.157233812621335,Corn
South America,Sandy,6.5425355076481315,1.6883994105994486,629.3118159863914,16.85389663576319,Tropical,Low,High,140,10.70009421495397,Barley
Asia,Sandy,6.456194037636443,3.020905911206696,1065.084703138752,24.195424212137432,Continental,Low,High,138,16.111249306147002,Rice
Asia,Clay,5.832623400418164,3.821522238589669,731.036973866541,20.109969964021467,Tropical,Medium,High,168,15.701966177647385,Corn
Asia,Loam,6.445961962741472,3.688457840395196,866.6587433225556,24.681981424806864,Tropical,Low,Low,139,14.379471906348929,Wheat
South America,Sandy,6.661239520964708,4.092360566468448,641.0212705996619,27.10309146387004,Tropical,High,High,107,17.047706853262174,Corn
Europe,Sandy,6.136350419017406,2.066813722548857,774.5926194249915,12.577342290344713,Dry,High,Medium,120,11.287394223283737,Barley
North America,Sandy,7.086016318245076,4.68974244401508,688.7915866169244,22.607522247013502,Tropical,Medium,Medium,98,15.16936469066229,Soybean
Asia,Loam,6.042125980280727,2.2169852459463386,692.8413417854001,17.05218898020017,Continental,Medium,Medium,105,11.871224759240306,Barley
South America,Loam,6.402673450308194,2.53677673970391,833.2970545154294,11.92011833141472,Continental,High,Low,131,10.337643948446837,Barley
North America,Sandy,6.747484490999082,4.3207318664707755,792.3352328605255,24.09382985424408,Temperate,Low,Low,90,14.833233954049819,Soybean
Asia,Loam,5.697314753465618,3.4763723810844787,1064.137456399501,19.137519828012717,Dry,Low,Medium,143,14.174465556351741,Wheat
North America,Loam,7.141819268141232,4.130048032823318,427.5821128462737,24.91363479955711,Temperate,High,Low,106,13.703571535488393,Wheat
North America,Loam,5.5071550892000625,1.1861660848762723,773.6483623616441,21.057780511481734,Dry,Medium,Medium,102,12.225210284221296,Wheat
Asia,Clay,7.380623601855503,2.7084262513481696,711.5249618935593,13.858176884263067,Tropical,Low,Low,161,10.24590525059886,Barley
Africa,Clay,6.328135651535633,1.9309209674802141,604.1361589430899,16.849757843258296,Tropical,Low,Medium,168,10.053263988616603,Barley
South America,Sandy,5.575876625871871,1.5878416236152462,528.8588079526179,14.04392691658659,Temperate,Medium,Medium,114,9.17553407198268,Barley
South America,Loam,7.450137845197434,4.493892684224017,496.021440076203,26.32930218816025,Temperate,Medium,Medium,167,15.188483250028657,Wheat
Asia,Clay,7.1422210554830325,2.742020109813037,666.9368978131826,21.60127390644077,Dry,Medium,Low,92,13.263568071252333,Soybean
South America,Loam,6.703097012759413,3.425267789498128,1042.3899870975501,17.64622450437609,Temperate,Medium,High,95,15.806625589684034,Barley
Europe,Loam,6.5261388457268765,4.25606694207972,534.395828175155,19.86580215841424,Dry,High,High,101,14.140085168708485,Corn
North America,Sandy,6.638213960725608,1.983970400285017,1182.510937886388,17.83898242997265,Dry,High,Medium,162,14.246042757642247,Barley
Africa,Clay,6.346653454045054,3.504717811698059,600.3063346556112,11.667904051260884,Tropical,Medium,Medium,127,10.224249416916493,Barley
North America,Sandy,5.583941006812134,1.707027469693843,701.034278916075,21.370454140853273,Temperate,High,High,130,14.423908150928149,Corn
South America,Sandy,6.336528161805152,3.237207488307308,698.6730332424162,21.199363761423626,Tropical,Low,Low,124,12.363277467343213,Soybean
Asia,Clay,7.177314308984914,1.41430626441206,445.1537417328474,17.62984232043457,Tropical,Low,Medium,94,9.903628156383173,Barley
South America,Loam,6.226378392181698,2.1486090537505147,979.0195111840396,19.692089063836047,Tropical,Low,Medium,128,12.763426680518434,Wheat
Africa,Clay,6.854163943902217,2.9039267613968813,757.9429629745232,16.24061237206246,Temperate,High,Medium,114,13.553307013767945,Barley
Asia,Loam,6.240640350901044,1.0809449305598018,472.8642061999556,18.654322242043786,Dry,Low,High,98,9.71301265608292,Corn
Africa,Sandy,5.85823856831391,1.4130352377443303,326.9755093723423,21.666751501590692,Continental,High,Medium,108,11.139230710290404,Soybean
Asia,Clay,5.916721578149715,2.847081465585116,895.9589428575996,24.4730434943163,Temperate,Medium,High,179,16.00477784441344,Corn
North America,Sandy,5.664684326193443,3.4261034682021347,782.7324283506546,17.381661999702484,Dry,Low,High,147,12.608833688796622,Barley
Asia,Clay,6.7243324414462915,1.6661823543752052,693.5712219653796,18.057158897543985,Tropical,Medium,Medium,134,12.678976359439103,Soybean
Europe,Loam,6.363465647685699,2.8119924033198553,628.513757654279,25.135229260888803,Temperate,Low,Low,144,12.6173209922402,Wheat
Africa,Loam,6.8969609356297745,4.121037323681912,708.2169956455996,22.122684161841658,Continental,High,High,154,16.28159323227924,Corn
South America,Sandy,7.229511791207699,2.7818347534837358,422.63249837845524,20.579908298911484,Temperate,High,Medium,119,12.246303947613045,Soybean
Africa,Clay,7.0914133701896755,2.3431463340113448,479.89740414698946,15.875738599936911,Tropical,Medium,High,107,10.585398487931187,Barley
South America,Loam,7.406145537244274,4.461717620330744,1339.6657671874175,19.06136488210058,Continental,Low,Low,172,16.40641575322355,Wheat
Africa,Loam,6.99997396875995,3.0395597928224407,1161.526161134137,28.20714313861157,Dry,Medium,High,116,17.769643561365704,Rice
North America,Loam,6.549633500729483,3.175745649161073,957.6234866907573,20.681826540365694,Temperate,High,Medium,166,15.336161974450402,Wheat
Asia,Clay,6.043089537336878,2.7970395677233566,683.4886984273303,16.739079441316353,Temperate,High,Medium,135,12.255215114803642,Barley
Europe,Loam,6.143474059716556,1.3000883555716727,948.291297398523,27.005520327320408,Continental,Low,Medium,127,15.949852769995,Rice
North America,Loam,6.779234249204713,2.98222276150372,1204.6649488460166,26.813078106911526,Dry,Medium,Medium,102,17.97158288946688,Rice
South America,Clay,7.322512303668576,2.615026441913386,1166.5901051907508,23.082976930572784,Temperate,Low,Medium,132,15.092503130678795,Rice
Africa,Loam,7.281713929055277,2.0256223720331357,1013.6406511591803,13.776410416543095,Temperate,Medium,High,98,12.23902413485872,Barley
South America,Sandy,5.719565907340809,3.292111840926887,479.8748313633242,18.857075958365822,Continental,Medium,Low,173,11.189624836914975,Soybean
Asia,Sandy,6.65822853975121,3.4691643042104707,796.5242799983668,16.5730744382977,Continental,Medium,Medium,168,12.735248309451986,Barley
South America,Sandy,5.8358063932041775,2.678158578106847,549.3196563409963,24.755999425339567,Tropical,Medium,High,90,14.70641327399106,Corn
Europe,Clay,6.417613908538071,4.9345701241312465,738.3936923765181,29.719555182307193,Continental,Medium,Medium,123,17.14917270772455,Soybean
Europe,Loam,6.577638734499338,2.784457228500751,585.5223490515439,19.44733546256606,Continental,Low,High,179,12.843171395570918,Corn
Asia,Clay,6.345373871016321,3.605956614118452,1169.386363190024,20.54309209529543,Temperate,Low,Low,163,15.303143078963107,Soybean
Europe,Loam,6.728325405232398,1.7527999267194492,596.5576284199682,22.239653366896952,Continental,Low,Low,96,11.219242488759186,Wheat
Europe,Sandy,5.952198387253384,4.386887961586933,751.86568849995,15.756518506117391,Dry,Low,High,177,13.903027729978767,Barley
Asia,Clay,5.642902761218845,1.1298405670491056,614.4979630580281,21.100200833270197,Temperate,High,Medium,144,12.196848823571766,Soybean
South America,Clay,7.165550062454698,2.3052810292863706,764.2705604643891,17.03668349672497,Tropical,Medium,Medium,138,12.211511470603336,Barley
North America,Sandy,6.206275586562353,4.800722843272167,662.4798744822422,18.742159359984516,Temperate,Medium,Medium,93,14.27004253392053,Soybean
Asia,Clay,6.887515840698151,2.578516279624128,1001.4608714946526,20.11692607329254,Temperate,Low,Medium,116,13.257205192836444,Soybean
South America,Loam,6.228404445299033,1.8397273266939376,764.4750082713358,23.01856620272098,Tropical,Low,Medium,113,13.700476936804202,Wheat
North America,Loam,5.957974370600623,3.10656905410079,895.6281151111617,17.113856371447145,Tropical,Low,Low,172,12.128711036607903,Barley
Asia,Clay,5.590119163839451,1.7441362454851146,538.3881455746816,19.94233679402634,Temperate,Low,Low,174,9.155569350891755,Soybean
Africa,Sandy,6.675123544299597,2.4141954168173485,907.0917494819267,26.045050994504987,Continental,Low,Low,115,15.0617582420363,Rice
South America,Loam,7.088325417675219,1.809870168383,795.0871585980232,25.24101983837638,Temperate,Medium,High,123,14.576549638043666,Corn
Africa,Loam,5.939982253793861,1.0352593331778905,713.5397628380917,21.158654710151964,Tropical,High,High,110,13.257672083520157,Corn
Europe,Sandy,6.842916062600723,2.00972477640816,1026.3709670032188,14.778801264410582,Continental,Low,High,149,12.96828668426556,Barley
Africa,Sandy,6.244801332070712,4.105565474610904,748.6690926595404,17.470485298038177,Temperate,Medium,Low,155,12.418196411863185,Barley
Europe,Loam,7.2794706695661135,3.8012254155352285,1017.0819177741013,23.192716586337994,Dry,Medium,Low,161,16.433016787054758,Rice
South America,Clay,5.551264499768845,4.698989903457447,812.1570745002606,29.631429274276968,Temperate,Medium,High,130,18.73812310769917,Corn
Europe,Loam,7.209215125466742,2.88547244069199,908.3328049031876,18.23773134181129,Dry,Medium,Medium,158,14.695509811506398,Wheat
South America,Loam,6.7517167941402345,4.174364788809294,329.10341546067957,20.091262304280566,Dry,Medium,Medium,153,12.02370171452016,Wheat
South America,Loam,6.845835648573953,2.729789438420855,737.8204635428962,14.940620107369071,Dry,Medium,Medium,171,11.602859978939994,Barley
North America,Clay,6.67044065878191,2.123533092270399,834.7894416825623,16.909124789499156,Tropical,Medium,Medium,99,11.808893713657387,Barley
Africa,Loam,6.27458234735066,3.400810188370323,965.7931218962536,16.50199595648818,Temperate,Medium,Low,177,12.895524740468025,Barley
North America,Loam,5.85040472584808,3.7626720617548886,617.2530534796425,24.35265967107678,Dry,Low,Medium,140,14.838579586442847,Wheat
Europe,Sandy,6.52876649302204,3.355037854260038,484.1919777764142,18.07909167146512,Tropical,Medium,Medium,176,11.447650949472589,Soybean
South America,Clay,7.184332060122767,1.9200018101935994,298.20856430098485,16.156167949807397,Continental,Low,Low,164,8.540541932561272,Barley
Europe,Loam,6.0498166749644815,3.8671908667974826,742.3115657944853,32.317784660661296,Temperate,Medium,High,119,18.446192673039636,Corn
Asia,Loam,6.011961517685995,1.1280722132778038,679.9548539778858,23.391368501948715,Continental,Low,Low,156,11.64309485272457,Wheat
Africa,Loam,6.823350121435061,2.2441668202279357,663.1119195827634,20.245989689053815,Temperate,Low,Medium,164,11.888212966012427,Wheat
Europe,Clay,7.463369011874097,2.4002852490998117,943.4828226461816,18.688886524538702,Dry,High,Medium,151,13.684236969792215,Soybean
South America,Sandy,6.614131865367835,4.411824454694996,941.4035005915212,28.085224622608415,Dry,High,Low,107,17.276832053927187,Rice
Africa,Loam,5.847121360145637,4.651355432775901,761.9618715653996,23.345070859287407,Tropical,Medium,High,127,15.990068256595768,Corn
Europe,Clay,6.396257398930319,4.7501039470383315,912.2945259652266,25.98052317753958,Dry,High,Low,141,17.574987203875484,Rice
South America,Clay,6.213777324560803,2.1995429602232197,993.9681729679818,21.180490820853553,Temperate,Medium,Medium,129,13.598687024824471,Soybean
Africa,Loam,6.218890052364478,4.706830017356362,890.9829502160044,25.456494781476337,Dry,Low,High,104,17.328258552158395,Corn
Africa,Loam,6.682485811501229,2.259142494867832,575.1756282278453,20.51270719908761,Dry,Medium,High,120,12.273536615360594,Corn
North America,Clay,7.254317208532278,2.5810163990756707,828.0854391223569,19.012904112411793,Dry,Medium,Low,99,12.25384867077472,Soybean
Africa,Loam,5.6433587593506696,3.824851943860262,828.6114577098822,18.061453000284516,Temperate,Low,Medium,142,12.850791835893151,Wheat
Europe,Sandy,5.531344747777451,2.6719930389021487,843.2664435799338,13.072338763080765,Temperate,High,High,101,12.751621195996423,Barley
Africa,Clay,7.38480572951398,2.8445671115227995,688.0983562090051,18.216453809117933,Temperate,Medium,High,126,12.477557347499172,Corn
Europe,Clay,6.344584225671664,2.0102442850781017,458.78738388037976,14.199585188654488,Tropical,Low,Low,123,9.255279156648621,Barley
Europe,Loam,5.663723011832587,2.2032246443417365,562.6506788976758,23.2202681427811,Dry,Low,Medium,155,11.480261992636464,Wheat
South America,Loam,6.316443645176464,2.0953700763970367,847.9870555449852,21.464144217933416,Temperate,Medium,Medium,119,12.715256832191038,Wheat
Africa,Loam,6.261770244217537,2.75989506816952,863.8136650303229,5.439328103104419,Dry,High,Low,92,8.28982158763566,Barley
Europe,Sandy,6.573257808603608,4.831928214436399,1220.408951167561,12.659649937056734,Dry,Low,Low,97,13.690684489800566,Barley
Africa,Clay,6.137350307465732,2.6395365235010826,849.1067996418301,19.615531472821697,Dry,High,Medium,164,13.122040134945475,Soybean
Europe,Loam,7.253210556741196,4.712867182590378,857.2666659734018,29.28738604647865,Temperate,Low,High,105,17.455983327588285,Corn
Africa,Sandy,5.569500163468092,4.55553709633533,1086.9712759253734,13.538122729474036,Continental,Low,High,95,15.01479316567498,Barley
Europe,Clay,6.011969907581557,3.6425915565542706,853.408895353666,15.21987518633976,Temperate,High,High,99,13.186042251703729,Barley
Asia,Clay,6.1935201438401375,4.449617409172356,727.1419808215178,30.125455417459765,Dry,Low,Medium,96,16.82143280674926,Soybean
North America,Loam,5.595230455141103,4.836523731711658,878.2113815490495,22.754389720193107,Temperate,High,High,125,17.241852960418555,Corn
South America,Loam,5.9174917647972585,2.9432822354415964,656.9474961369642,20.277056279928832,Continental,Medium,Medium,147,13.26608925033196,Wheat
South America,Clay,7.453942109252521,3.5685165874570415,953.4614725204974,30.67843704706686,Temperate,Medium,Medium,167,18.706490862349792,Rice
North America,Loam,7.480383578503344,1.3626483540373533,1152.723841550158,24.315438930026236,Tropical,Low,High,119,15.768085580684154,Rice
Asia,Clay,6.638087299991333,3.958040932628259,908.0205574259458,14.102362069283522,Temperate,High,Low,94,13.169413481336205,Barley
Asia,Loam,7.30330677342541,4.661891950294061,1084.0369877563899,22.960569501424594,Temperate,Low,Low,145,15.53197876158316,Rice
South America,Clay,5.613802960995243,1.2099687358121196,734.3869591611011,17.430667892347635,Temperate,High,Low,139,11.286543476607465,Barley
North America,Sandy,6.3269942741267435,2.6943433075163155,841.5721002134161,20.662988360130505,Tropical,Medium,Medium,134,13.22963411910294,Soybean
North America,Sandy,6.520431868156808,3.116413070641754,1125.4233123344513,14.212159711157016,Tropical,High,Low,100,13.619900647264206,Barley
Asia,Loam,6.351737121766288,1.748692459707788,784.5670449577472,20.438905999249187,Temperate,High,Medium,127,12.175238303827207,Wheat
Europe,Loam,6.231992816579872,4.3167805640637535,725.7485258659212,20.784419688710447,Dry,Low,Low,97,13.764947421168396,Wheat
Africa,Clay,6.953469672706685,4.579642570258663,575.3609898249244,30.22827273838577,Dry,Low,High,116,17.659684922977977,Corn
Africa,Clay,6.063306019368928,3.416958041328569,515.8066491259442,17.880832308967584,Continental,High,High,96,12.794043792867758,Barley
Asia,Clay,7.394568646179536,2.369229139310079,755.3948637467196,21.410181052311103,Temperate,High,Medium,168,13.227107157400502,Soybean
Africa,Sandy,6.113198153049751,4.337111596221822,909.8063869261358,17.78658052284595,Temperate,Low,High,96,15.17248854561132,Barley
Europe,Clay,5.732106918769138,1.092427411149921,844.3541564882771,13.085520403637311,Tropical,Medium,Medium,109,10.452449812672864,Barley
South America,Loam,6.429741860308687,4.806321237759478,775.9166571960202,20.111752774831828,Temperate,Low,High,107,14.764836594775177,Corn
North America,Sandy,6.705817622849371,3.316290110743978,895.286033343425,19.233697233003472,Continental,High,High,150,15.859506384389894,Corn
North America,Loam,6.631635985718936,2.250625257420878,1080.6285099925803,16.246595064741722,Tropical,Medium,Medium,148,13.63480984362905,Barley
Asia,Loam,6.93803430902387,4.203133653495572,806.7943560767281,25.947169018809216,Dry,High,Medium,140,16.8441188001149,Wheat
Africa,Sandy,5.766777234186519,1.4421654576669414,739.9110124537671,26.466849437428355,Temperate,Low,High,120,14.50430911571765,Corn
Asia,Loam,7.374176796212993,1.3497963374755466,921.2346612870407,16.307012090587442,Temperate,Medium,High,167,12.946320875859879,Barley
Asia,Sandy,5.898700257889373,2.7017247770253823,672.5086951364774,12.305553714607058,Temperate,Medium,High,106,11.122213878434469,Barley
Asia,Clay,5.588790529938654,4.270129663832483,769.0700586878334,10.933532639914208,Temperate,High,Medium,120,11.566403422681205,Barley
Africa,Sandy,6.875968043047339,2.291257990855373,987.4857806793825,24.177913881698636,Temperate,Medium,High,129,15.633776484128248,Rice
Europe,Loam,6.680506730519388,1.767506852409427,1034.0154126059263,18.642208481030828,Continental,Medium,Low,162,11.416321585980056,Wheat
Asia,Clay,6.866160346948271,3.3220771067054806,829.7617523359181,16.948720498177615,Continental,Medium,Low,101,12.520987201794693,Barley
Africa,Loam,6.88957799719757,1.318465005309751,727.9480196945437,11.84834177722115,Dry,Low,Medium,129,9.196627015059486,Barley
South America,Sandy,7.134996513051333,3.031136747804484,664.1110030164501,19.853241489421528,Tropical,Medium,Low,168,12.399090486476963,Soybean
Asia,Clay,6.38783339609308,2.9368522630391625,499.1506657910358,21.226060867341772,Tropical,High,Medium,113,12.676424172194208,Soybean
North America,Loam,6.54476661085347,2.7230446334469405,1135.0673031868153,15.414915992621893,Tropical,Medium,Low,103,12.498608641372579,Barley
South America,Clay,5.662375574100862,3.50855357624447,727.2348548904201,22.561471552521294,Continental,Medium,Low,98,13.869042703103275,Soybean
Africa,Loam,5.617181775420271,1.8619279311422985,767.7560297502366,22.28177986566348,Tropical,High,Medium,130,13.629319130354975,Wheat
South America,Sandy,7.157794223951756,3.413670313889133,614.202936782139,25.660990958603406,Temperate,Low,Low,104,14.527505667305403,Soybean
South America,Loam,6.945830105845871,3.757895597627056,1108.5613547539365,23.225639193969208,Temperate,High,Medium,146,17.3703662359444,Rice
Asia,Sandy,6.479410788395995,1.4465497812847414,855.4849151491214,19.545623815685165,Continental,High,Medium,111,13.268792375209731,Soybean
South America,Loam,5.584089592151889,3.392951039407586,948.7431640799625,13.68567623135911,Temperate,Medium,Medium,127,12.249016395724922,Barley
North America,Sandy,6.918647705551935,4.418260675764962,601.8753553245485,18.28404215656644,Continental,Medium,High,176,14.08879337070844,Corn
Asia,Clay,5.94873365538476,2.411376473494,654.1927143946924,16.87762078562449,Continental,High,High,128,13.353057293000203,Barley
South America,Loam,6.401246850216338,2.695599007987993,783.3656456130761,26.88667514764171,Temperate,Low,High,169,15.736833783827826,Corn
Europe,Sandy,6.175312337601879,2.9614017642226433,1014.8329156385855,12.37636925691638,Continental,Medium,High,110,13.223800209431934,Barley
Europe,Sandy,6.687743611566114,1.7525877088376358,737.4252077591216,16.105976356983053,Dry,Low,Medium,136,10.30892237112477,Barley
Europe,Loam,7.334851705609003,3.719347039030881,987.2411475074507,22.055717666598216,Dry,High,Medium,103,15.841690989489198,Rice
North America,Clay,6.520138377901416,1.9769204680383368,1060.8403131303296,16.07052177026807,Temperate,Medium,High,103,13.55515059141352,Barley
Africa,Clay,6.031598843857346,1.6043641904215433,1198.8689899439698,22.929312643086057,Continental,High,Low,119,15.509300386462192,Rice
Africa,Loam,7.282525297830796,3.543498109324028,824.2806223245097,18.670713165552563,Continental,Low,High,175,14.15597471630889,Corn
Asia,Sandy,6.899117918903267,2.1734243199759504,837.5275708728507,15.757353395106165,Temperate,Low,High,122,11.347587327972798,Barley
Europe,Loam,6.336737820264014,4.715786942290493,372.2022212772524,19.017435427869156,Temperate,High,Medium,169,13.447905535544425,Wheat
Europe,Clay,6.301315696875907,4.9447212464347805,869.3054036626,18.2757512379673,Tropical,Low,Low,129,14.94983812857787,Soybean
North America,Clay,6.856720179565804,2.144744986736536,905.0357963177195,8.3485733298393,Continental,Medium,High,146,11.271820625296991,Barley
Asia,Sandy,6.261391071354688,3.153986602980239,431.41261875046484,26.68717053957709,Continental,Low,Medium,149,13.392484938202108,Soybean
North America,Clay,6.89160462965156,4.804448803905066,786.2180047218018,19.19186625769052,Tropical,Medium,Low,92,13.826479628644973,Soybean
Europe,Clay,6.568203380171731,1.8730779314135444,690.4357151513557,24.694785891174256,Temperate,Medium,Medium,155,12.894189648185224,Soybean
Asia,Clay,6.958532811673267,2.3153811528359585,660.8903331016254,19.715171598683668,Dry,Low,Medium,115,12.139502676805781,Soybean
South America,Clay,7.354349675471978,4.6055474272426284,465.77056704093025,17.79718233030053,Continental,Low,High,174,11.834411376851017,Barley
South America,Loam,6.16554109209836,2.5284594580380744,1190.7603136077823,23.45340142046036,Tropical,High,Medium,93,17.34182694666696,Rice
Europe,Clay,5.769318322768914,3.0744601265413363,858.8335076003204,24.224784454534156,Temperate,High,Low,126,14.378610546438402,Soybean
South America,Clay,6.028944315073994,1.5198817464752503,848.9678408199907,26.376028682162225,Temperate,Low,High,173,15.69624586848082,Corn
Asia,Sandy,7.037150344818797,3.3666322620946816,646.709202107657,19.630846238102368,Dry,Low,Medium,127,12.999319047649092,Soybean
North America,Sandy,6.566676229785144,4.4319808909094345,707.4526704007324,18.464758295374494,Continental,Low,Low,93,12.86764165712374,Soybean
Europe,Sandy,5.723600742467874,3.2611558398159284,1100.546139507942,29.706030041329612,Continental,Medium,Medium,140,18.369653956487372,Rice
Europe,Loam,7.473593188359794,2.224024420835773,648.039573602445,16.44992278554224,Tropical,Medium,High,94,11.30174802548654,Barley
Africa,Sandy,6.783140591130199,4.272848005481853,692.2369443788355,11.716975407578039,Tropical,Low,Low,106,11.326690932495907,Barley
